#repertoire_id_1	sequence_id_1	duplicate_count_1	v_call_1	j_call_1	junction_aa_1	repertoire_id_2	sequence_id_2	duplicate_count_2	v_call_2	j_call_2	junction_aa_2
1	171	1			ASSLRWGDEQY	repertoire_id		1			ASSLRWGDEQQ
1	174	1			SADRVGNTLY	repertoire_id		1			SADRVGNTLY
1	175	1			ASSFGREQY	repertoire_id		1			ASSFGREQY
1	176	1			ASSFGREQY	repertoire_id		1			ASSFGREQY
1	177	1			ASSQDQVQDTQY	repertoire_id		1			ASSQDQVQDTQY
1	195	1			ASSPGQGPYEQY	repertoire_id		1			ASSPGQGPYEQY
1	196	1			ATSSGTGAYEQY	repertoire_id		1			ATSSGTGAYEQY
1	197	1			ASEAGGSYEQY	repertoire_id		1			ASEAGGSYEQY
1	198	1			ASGDRGADTQY	repertoire_id		1			ASGDRGADTQY
1	199	1			ASSQAGAYEQY	repertoire_id		1			ASSQAGAYEQY
1	298	1			ASGARGADTQY	repertoire_id		1			ASGDRGADTQY
1	10361	1			ASSIGQGPYEQY	repertoire_id		1			ASSPGQGPYEQY
1	10362	1			ASSIGQGPYEQY	repertoire_id		1			ASSPGQGPYEQY
1	10854	1			ASSFGDEQY	repertoire_id		1			ASSFGREQY
1	10921	1			ASSEGREQY	repertoire_id		1			ASSFGREQY
1	11517	1			ASSQGREQY	repertoire_id		1			ASSFGREQY
1	16425	1			ASSPGREQY	repertoire_id		1			ASSFGREQY
1	16426	1			ASSPGREQY	repertoire_id		1			ASSFGREQY
1	16798	1			ASSPGQGAYEQY	repertoire_id		1			ASSPGQGPYEQY
1	16799	1			ASSPGQGAYEQY	repertoire_id		1			ASSPGQGPYEQY
1	17946	1			ASSPGTGPYEQY	repertoire_id		1			ASSPGQGPYEQY
1	17947	1			ASSPGTGPYEQY	repertoire_id		1			ASSPGQGPYEQY
1	19094	1			ASSSGTGAYEQY	repertoire_id		1			ATSSGTGAYEQY
1	19095	1			ASSSGTGAYEQY	repertoire_id		1			ATSSGTGAYEQY
1	19495	1			ASSQAGGYEQY	repertoire_id		1			ASSQAGAYEQY
1	19496	1			ASSQAGGYEQY	repertoire_id		1			ASSQAGAYEQY
1	20587	1			ATSGGTGAYEQY	repertoire_id		1			ATSSGTGAYEQY
1	22744	1			ASSPGQGFYEQY	repertoire_id		1			ASSPGQGPYEQY
1	25935	1			ASSLAGAYEQY	repertoire_id		1			ASSQAGAYEQY
1	25936	1			ASSLAGAYEQY	repertoire_id		1			ASSQAGAYEQY
1	27947	1			ASRAGGSYEQY	repertoire_id		1			ASEAGGSYEQY
1	33349	1			ASSLGQGPYEQY	repertoire_id		1			ASSPGQGPYEQY
1	34754	1			ASSPGMGPYEQY	repertoire_id		1			ASSPGQGPYEQY
1	34820	1			ASSPGQAPYEQY	repertoire_id		1			ASSPGQGPYEQY
1	34826	1			ASSPGQGGYEQY	repertoire_id		1			ASSPGQGPYEQY
1	35776	1			ASSVGQGPYEQY	repertoire_id		1			ASSPGQGPYEQY
1	40704	1			ASSQAGQYEQY	repertoire_id		1			ASSQAGAYEQY
1	41924	1			ASSQGGAYEQY	repertoire_id		1			ASSQAGAYEQY
1	42027	1			ASSQALAYEQY	repertoire_id		1			ASSQAGAYEQY
1	42070	1			ASSAAGAYEQY	repertoire_id		1			ASSQAGAYEQY
1	42340	1			ASSEAGAYEQY	repertoire_id		1			ASSQAGAYEQY
1	42618	1			ASSGAGAYEQY	repertoire_id		1			ASSQAGAYEQY
1	42746	1			ASSPGQGSYEQY	repertoire_id		1			ASSPGQGPYEQY
1	42747	1			ASSPGQGTYEQY	repertoire_id		1			ASSPGQGPYEQY
1	42834	1			ASSQATAYEQY	repertoire_id		1			ASSQAGAYEQY
1	43182	1			ASSSAGAYEQY	repertoire_id		1			ASSQAGAYEQY
1	43433	1			ATSSGTGPYEQY	repertoire_id		1			ATSSGTGAYEQY
1	43694	1			ASGLRGADTQY	repertoire_id		1			ASGDRGADTQY
1	51149	1			ASSAGGSYEQY	repertoire_id		1			ASEAGGSYEQY
1	58375	1			ASSFQREQY	repertoire_id		1			ASSFGREQY
1	59475	1			ASSFGYEQY	repertoire_id		1			ASSFGREQY
1	59531	1			ASSFGNEQY	repertoire_id		1			ASSFGREQY
1	59625	1			ASSFGPEQY	repertoire_id		1			ASSFGREQY
1	59681	1			ASSFLREQY	repertoire_id		1			ASSFGREQY
1	60377	1			ASSFGSEQY	repertoire_id		1			ASSFGREQY
1	60584	1			ASSFGTEQY	repertoire_id		1			ASSFGREQY
1	61050	1			ASSFGAEQY	repertoire_id		1			ASSFGREQY
1	61061	1			ASSFGLEQY	repertoire_id		1			ASSFGREQY
1	81180	1			ASSPGQGVYEQY	repertoire_id		1			ASSPGQGPYEQY
1	81278	1			ASSPGQNPYEQY	repertoire_id		1			ASSPGQGPYEQY
1	82442	1			ASSPGEGPYEQY	repertoire_id		1			ASSPGQGPYEQY
1	82504	1			ASSPGQGMYEQY	repertoire_id		1			ASSPGQGPYEQY
1	82580	1			ASSPGQGPDEQY	repertoire_id		1			ASSPGQGPYEQY
1	83136	1			ASSMAGAYEQY	repertoire_id		1			ASSQAGAYEQY
1	83492	1			ASSNAGAYEQY	repertoire_id		1			ASSQAGAYEQY
1	89645	1			ASSQAGLYEQY	repertoire_id		1			ASSQAGAYEQY
1	89653	1			ASSQAGPYEQY	repertoire_id		1			ASSQAGAYEQY
1	90410	1			ASSQARAYEQY	repertoire_id		1			ASSQAGAYEQY
1	91256	1			ASSQAGAGEQY	repertoire_id		1			ASSQAGAYEQY
1	91257	1			ASSQAGAHEQY	repertoire_id		1			ASSQAGAYEQY
1	98144	1			ASSRAGAYEQY	repertoire_id		1			ASSQAGAYEQY
1	104263	1			ASSVAGAYEQY	repertoire_id		1			ASSQAGAYEQY
1	107424	1			ASSWGREQY	repertoire_id		1			ASSFGREQY
1	107751	1			ASSYAGAYEQY	repertoire_id		1			ASSQAGAYEQY
1	109607	1			ASWAGGSYEQY	repertoire_id		1			ASEAGGSYEQY
1	115025	1			ATSFGTGAYEQY	repertoire_id		1			ATSSGTGAYEQY
1	123148	1			ASSFGHEQY	repertoire_id		1			ASSFGREQY
