input_sequence	match_sequence	score	receptor_group	epitope	antigen	organism	
ASSDSKADRGASDTEAF	ASSDSKADRGASDTEAF	1.0000	17481	GILGFVFTL	Matrix protein 1	Influenza A virus
ASSGGGEAF	ASSGGGEVF	0.9809	19607	SSLENFRAYV	Polymerase basic protein 2	Influenza A virus (A/Puerto Rico/8/1934(H1N1)) (Influenza A virus (A/PR/8/1934(H1N1)))
ASSGGGEAF	ASSGGAEAF	0.9701	87236	MGYINVFAFPFTIYSL,VQELYSPIFLIV	ORF10 protein [Severe acute respiratory syndrome coronavirus 2],ORF7a protein [Severe acute respiratory syndrome coronavirus 2]	SARS-CoV2,SARS-CoV2
ASSGGGEAF	ASSGGGEAF	1.0000	87458	VLWAHGFEL	orf1ab polyprotein [Severe acute respiratory syndrome coronavirus 2]	SARS-CoV2
ASSGGGEAF	ASSGGGELF	0.9752	87460	VLWAHGFEL,HTTDPSFLGRY	orf1ab polyprotein [Severe acute respiratory syndrome coronavirus 2],orf1ab polyprotein [Severe acute respiratory syndrome coronavirus 2]	SARS-CoV2,SARS-CoV2
ASSGGGEAF	ASSGGGEQF	0.9743	87461	VLWAHGFEL	orf1ab polyprotein [Severe acute respiratory syndrome coronavirus 2]	SARS-CoV2
ASSIGQGARNEQF	ASSLGQGARNEQF	0.9830	97450	SEHDYQIGGYTEKW	ORF3a protein [Severe acute respiratory syndrome coronavirus 2]	SARS-CoV2
ASSLTENTEAF	ASSLTENTEAF	1.0000	104326	GLEAPFLYLYALVYFLQSINFVRIIMR	ORF3a protein [Severe acute respiratory syndrome coronavirus 2]	SARS-CoV2
ASSLTENTEAF	ASSVTENTEAF	0.9805	55472	KLGGALQAK	55 kDa immediate-early protein 1	Human herpesvirus 5 strain AD169 (Human cytomegalovirus (strain AD169))
ASSLTENTEAF	ASSFTENTEAF	0.9700	83196	MIELSLIDFYLCFLAFLLFLVLIML	ORF7b [Severe acute respiratory syndrome coronavirus 2]	SARS-CoV2
ASSSGGSGETQY	ASSGGGSGETQY	0.9723	9948	NLVPMVATV	HCMVUL83	Human herpesvirus 5 (Human cytomegalovirus)
ASSSQGNYGYT	ASSAQGNYGYT	0.9798	31393	STLPETAVVRR	precore/core protein	Hepatitis B virus (hepatitis B virus (HBV))
ASSTGVYEQY	ASSSTGVYEQY	0.9708	26930	KAVYNFATC	Glycoprotein polyprotein	Lymphocytic choriomeningitis mammarenavirus (Lymphocytic choriomeningitis virus)
ASSTGVYEQY	ASSTGLYEQY	0.9754	130231	MGYINVFAFPFTIYSL	ORF10 protein [Severe acute respiratory syndrome coronavirus 2]	SARS-CoV2
ASSTGVYEQY	ASSSGVYEQY	0.9792	49560	KLGGALQAK	55 kDa immediate-early protein 1	Human herpesvirus 5 strain AD169 (Human cytomegalovirus (strain AD169))
