cdr3_aa_1	cdr3_aa_2	distance	val
ASSPGENYGYT	ASSPENYGYT	1	0.9095
ASSPGENYGYT	ASSPGNYGYT	1	0.8986
ASGYTGELF	ASGGYTGELF	1	0.9486
ASSLAGGNEQF	ASSLGAGGNEQF	1	0.9373
ASSLAGGNEQF	ASSLTAGGNEQF	1	0.9437
ASSLAGGNEQF	ASSLAGEGNEQF	1	0.9197
ASSLAGGNEQF	ASSLAGGVNEQF	1	0.9281
ASSLAGGNEQF	ASSLAGGYNEQF	1	0.9183
ASKGQNTEAF	ASKVGQNTEAF	1	0.9364
ASKGQNTEAF	ASKGQENTEAF	1	0.9309
ASSTGTGLYEQY	ASSTGTGNLYEQY	1	0.9072
ASSTGTGLYEQY	ASSTGTGLGYEQY	1	0.9082
ASSTGTGLYEQY	ASSTGTGLPYEQY	1	0.8971
ASSPGLAGGDTQY	ASSPGLAGGTDTQY	1	0.915
AISEGYEQY	AISEGNYEQY	1	0.9153
ASSYNGIYTEAF	ASSYNGYTEAF	1	0.9015
ASSLGFVNTEAF	ASSLFVNTEAF	1	0.9216
ASSQDPGGTDTQY	ASSQDPGPGTDTQY	1	0.8669
ASSLGGATQY	ASSLGGTQY	1	0.9489
PATSQGDEQF	ATSQGDEQF	1	0.9647
ASSLSGYEQF	ASSLGYEQF	1	0.9343
ASSLSGYEQF	ASSLSYEQF	1	0.9272
ASSLSGYEQF	ASSLSGEQF	1	0.9295
ASSLSGYEQF	ASSLSGYNEQF	1	0.9301
ASSQAGNGYEQY	ASSQAGGYEQY	1	0.9156
ASSLGPQGYQPQH	ASSLGQGYQPQH	1	0.879
ASSLARTDTQY	ASSLATDTQY	1	0.9314
ASSQGSGELF	ASSQGGELF	1	0.9392
ASSQGSGELF	ASSRQGSGELF	1	0.9508
ASSQGSGELF	ASSTQGSGELF	1	0.9608
ASSQGSGELF	ASSQVGSGELF	1	0.9374
SVYEQF	VYEQF	1	0.9524
ASSPVNTGELF	ASSVNTGELF	1	0.9401
ASSPVNTGELF	ASSPVLNTGELF	1	0.9184
ASSPEAGYEQY	ASSPAGYEQY	1	0.9244
ASSLSRNTEAF	ASSLSNTEAF	1	0.9354
ASSLSRNTEAF	ASSLSGRNTEAF	1	0.9261
ASSLSRNTEAF	ASSLSRGNTEAF	1	0.9222
ASSLSRNTEAF	ASSLSRMNTEAF	1	0.9223
ASSLGGDNEQF	ASSLGDNEQF	1	0.935
ASSLGGDNEQF	ASSLIGGDNEQF	1	0.9402
ASSLGGDNEQF	ASSLGQGDNEQF	1	0.9118
ASSLGGDNEQF	ASSLGTGDNEQF	1	0.9151
ASSPDAGSSYEQY	ASSPDGSSYEQY	1	0.9191
ASNLAGSYNEQF	ASNLGSYNEQF	1	0.922
ASSYDGQTYEQY	ASSYGQTYEQY	1	0.9099
ASSTGTGIYEQY	ASSTGTGIAYEQY	1	0.9171
ASSTGTGIYEQY	ASSTGTGINYEQY	1	0.9066
ASSTGTGIYEQY	ASSTGTGISYEQY	1	0.9165
ASSLAGTEAF	ASSLGTEAF	1	0.9469
ASSLAGTEAF	ASSLATEAF	1	0.9414
ASSLAGTEAF	ASSLGAGTEAF	1	0.9386
ASSLAGTEAF	ASSLWAGTEAF	1	0.9144
ASSLAGTEAF	ASSLAPGTEAF	1	0.9239
ASSLAGTEAF	ASSLASGTEAF	1	0.9476
ASSLAGTEAF	ASSLAGATEAF	1	0.9472
ASSLAGTEAF	ASSLAGVTEAF	1	0.9395
ATSSRLNNEQF	ASSRLNNEQF	1	0.9666
ASSLGYASYNEQF	ASSLGASYNEQF	1	0.9042
ASSLYSNEQF	ASSLYNEQF	1	0.937
ASSLYSNEQF	ASSLYSEQF	1	0.9392
CASSDWGGSQNTLYF	CASSDWGGSQNTLY	1	0.9597
ASSFGEQETQY	ASSFGTEQETQY	1	0.9227
ASSYRGGQPQH	ASSYGRGGQPQH	1	0.9085
ASSPETGGETQY	ASSPEGGETQY	1	0.9222
ASSPSGRNEQF	ASSPSGNEQF	1	0.9237
ASSPSGRNEQF	ASSPSGRGNEQF	1	0.9177
ASSLGGSAEAF	ASSLGGAEAF	1	0.9517
ASSLGGSAEAF	ASSLGGSEAF	1	0.9532
ASSLGGSAEAF	ASSLGGTSAEAF	1	0.9459
SATTSGKETQY	SATTSKETQY	1	0.9449
ASSPLAGGRDTQY	ASSPLAGGYRDTQY	1	0.8865
ASSLDASGSSYNEQF	ASSLDAGSSYNEQF	1	0.9158
ASSPGGAYEQY	ASSPGGYEQY	1	0.9265
ASSPGGAYEQY	ASSPGEGAYEQY	1	0.9044
ASSPGGAYEQY	ASSPGKGAYEQY	1	0.9079
ASSPGGAYEQY	ASSPGLGAYEQY	1	0.8994
ASSPGGAYEQY	ASSPGTGAYEQY	1	0.9082
ASSPGGAYEQY	ASSPGGVAYEQY	1	0.9161
SALPSTNYEQY	SAPSTNYEQY	1	0.9463
SALPSTNYEQY	SALPSTNYEY	1	0.9501
SARDLTAGSYEQY	SARDLTGSYEQY	1	0.9062
ASSLARDSNQPQH	ASSLRDSNQPQH	1	0.9304
ASSLGAGRETQY	ASSLAGRETQY	1	0.9299
ASSLGAGRETQY	ASSSLGAGRETQY	1	0.9711
ASSLTQNTGELF	ASSLTNTGELF	1	0.9271
ASSLTQNTGELF	ASSHLTQNTGELF	1	0.9405
ASSLLGPSYEQY	ASSLGPSYEQY	1	0.9433
ASSLLGPSYEQY	ASSLGLGPSYEQY	1	0.9121
ASSILAGSNEQY	ASSLAGSNEQY	1	0.9533
ASSILAGSNEQY	ASSILAGASNEQY	1	0.9406
ASTGGTGELF	ASGTGGTGELF	1	0.9574
ASGNEQF	ATSGNEQF	1	0.9586
ASGNEQF	ASAGNEQF	1	0.9572
ASGNEQF	ASRGNEQF	1	0.943
ASGNEQF	ASGQNEQF	1	0.939
ASGNEQF	ASGYNEQF	1	0.9214
ASSLETALKEQY	ASSLAETALKEQY	1	0.9448
ASSEGTVSNQPQH	ASSETVSNQPQH	1	0.9301
ASSLAGGINEQF	ASSALAGGINEQF	1	0.9621
ASSLAGGINEQF	ASSQLAGGINEQF	1	0.9514
ASSLAGGINEQF	ASSLAGGIFNEQF	1	0.9154
ASSPSDSYEQY	ASSPDSYEQY	1	0.934
ASSPSDSYEQY	ASSPSSYEQY	1	0.9277
ASSPSDSYEQY	ASSPLSDSYEQY	1	0.9226
ASSLAGLGTYEQY	ASSLAGGTYEQY	1	0.9031
ASSLAGLGTYEQY	ASSLAGLTYEQY	1	0.9037
SARDWGETQY	SARDWGEETQY	1	0.9145
ASSPTGGAGELF	ASSPTGAGELF	1	0.9319
ASSSTGETEAF	ASSTGETEAF	1	0.9747
ASSVGESYEQY	ASSVGSYEQY	1	0.9255
ASSVGESYEQY	ASSYVGESYEQY	1	0.9413
ASSPSGIEQF	ASSPRSGIEQF	1	0.9225
ASSWQGGNGYT	ASSQGGNGYT	1	0.9186
ASSEAGGEQY	ASSAGGEQY	1	0.957
ASSEAGGEQY	ASSEGGEQY	1	0.9525
ASSEAGGEQY	ASSEAGEQY	1	0.9507
ASSEAGGEQY	ASSEAGGVEQY	1	0.9421
ASSPGTAAYEQY	ASSGTAAYEQY	1	0.9435
ASSPGTAAYEQY	ASSPGAAYEQY	1	0.9245
ASSPTYNEQF	ASSTYNEQF	1	0.937
ASSPTYNEQF	ASSPTNEQF	1	0.9177
ASSPTYNEQF	ASSPLTYNEQF	1	0.9175
ASSPTYNEQF	ASSPTLYNEQF	1	0.9158
ASSPTYNEQF	ASSPTSYNEQF	1	0.927
ASSLAGADTQY	ASSLGADTQY	1	0.944
ASSLAGADTQY	ASSLAADTQY	1	0.9371
ASSLAGADTQY	ASSLAGDTQY	1	0.9367
ASSLAGADTQY	ASSELAGADTQY	1	0.9555
ASSLAGADTQY	ASSLVAGADTQY	1	0.9486
ASSLAGADTQY	ASSLAGGADTQY	1	0.9403
ASSLAGADTQY	ASSLAGAADTQY	1	0.9442
ASSLAGADTQY	ASSLAGADDTQY	1	0.9409
ASRTSGSGDTQY	ASSRTSGSGDTQY	1	0.9721
SARGGSGNTGELF	SARGSGNTGELF	1	0.9356
ASSVGSGRYEQY	ASSVGSGRAYEQY	1	0.9146
ASSPGQGDYGYT	ASSPGQGLDYGYT	1	0.8626
ASSLSAGGNTEAF	ASSLAGGNTEAF	1	0.946
ASSLSAGGNTEAF	ASSLSAGGTEAF	1	0.9387
ASSPQQGAYEQY	ASSPQGAYEQY	1	0.9271
ASSPGYYEQY	ASSPGTYYEQY	1	0.9159
ASSPLAGAYNEQF	ASSLAGAYNEQF	1	0.94
ASSPLAGAYNEQF	ASSPLLAGAYNEQF	1	0.9211
ASSLVGGEQY	ASSLGGEQY	1	0.9457
ASSLVGGEQY	ASSLVGVGEQY	1	0.9247
ASSLVGGEQY	ASSLVGGDEQY	1	0.9423
ASSLVGGEQY	ASSLVGGHEQY	1	0.9316
ASSLVGGEQY	ASSLVGGYEQY	1	0.9288
ASSLVGGEQY	ASSLVGGETQY	1	0.9468
ASSLSATSEQY	ASSLATSEQY	1	0.957
SASASSYNEQF	SASAESSYNEQF	1	0.9488
SAGLGEETQY	SAGLAGEETQY	1	0.9346
ASSPLRSSYEQY	ASSLRSSYEQY	1	0.9435
ASSPLRSSYEQY	ASSPRSSYEQY	1	0.9257
ASSPGGTAYEQY	ASSPSGGTAYEQY	1	0.9314
ASSPGGTAYEQY	ASSPGAGTAYEQY	1	0.9142
ASSPGGTAYEQY	ASSPGGTLAYEQY	1	0.9087
ASSSTGGDGYT	ASSSGGDGYT	1	0.961
ASSSTGGDGYT	ASSSTGTGDGYT	1	0.9292
ASSSTGGDGYT	ASSSTGGDYGYT	1	0.9251
ASSYSSRNGYT	ASSYSSRGNGYT	1	0.9231
SVLAGVNEQF	SVGLAGVNEQF	1	0.9427
ASSLSAGGGQPQH	ASSLAGGGQPQH	1	0.9434
ASSLSAGGGQPQH	ASSLSAGGYGQPQH	1	0.8963
ASSEVGTDTQY	ASSEVGNTDTQY	1	0.92
ASSHGMNTEAF	ASSHMNTEAF	1	0.9173
ASSHGMNTEAF	ASSHGMLNTEAF	1	0.9102
ASSPLTGYEQY	ASSLTGYEQY	1	0.9367
ASSPLTGYEQY	ASSPLTYEQY	1	0.9077
ASSFADTQY	ASSQFADTQY	1	0.9489
ASSFADTQY	ASSFGADTQY	1	0.9268
ASSLAGGSEQY	ASSLGGSEQY	1	0.9513
ASSLAGGSEQY	ASSLAGSEQY	1	0.9495
ASSLAGGSEQY	ASSLAGGEQY	1	0.9526
ASSLAGGSEQY	ASSLAGQGSEQY	1	0.9276
ASSLSGIAPRTQY	ASSLRSGIAPRTQY	1	0.9227
ASSLDDPSYNEQF	ASSLDDSYNEQF	1	0.9
SSSESRETQY	ASSSESRETQY	1	0.9783
ASSAGGSYEQY	ASSGGSYEQY	1	0.9624
ASSAGGSYEQY	ASSAGGYEQY	1	0.9453
ASSAGGSYEQY	ASSFAGGSYEQY	1	0.9417
ASSAGGSYEQY	ASSVAGGSYEQY	1	0.9532
ASSAGGSYEQY	ASSASGGSYEQY	1	0.9594
ASSAGGSYEQY	ASSAGTGSYEQY	1	0.9317
ASSAGGSYEQY	ASSAGGSAYEQY	1	0.945
ASSGSYNEQF	ASSGYNEQF	1	0.9397
ASSGSYNEQF	ASPSGSYNEQF	1	0.9439
ASSGSYNEQF	ASSDGSYNEQF	1	0.947
ASSGSYNEQF	ASSEGSYNEQF	1	0.9512
ASSGSYNEQF	ASSFGSYNEQF	1	0.9373
ASSGSYNEQF	ASSQGSYNEQF	1	0.9502
ASSGSYNEQF	ASSRGSYNEQF	1	0.9456
ASSGSYNEQF	ASSYGSYNEQF	1	0.9392
ASSGSYNEQF	ASSGTSYNEQF	1	0.9373
ASSGSYNEQF	ASSGSDYNEQF	1	0.9248
CASSPFGDEQYF	CASSPGDEQYF	1	0.8796
ASSLVAGGYEQY	ASSLVGGYEQY	1	0.9375
ASSLVAGGYEQY	ASSLDVAGGYEQY	1	0.9218
ASSFRGTEAF	ASSRGTEAF	1	0.9373
ASSFRGTEAF	ASSFPRGTEAF	1	0.9057
ASSFRGTEAF	ASSFRSGTEAF	1	0.9266
ASSLAAGGYGYT	ASSLAGGYGYT	1	0.9456
ASSLSPSTGELF	ASSLSSTGELF	1	0.9269
ASSLSPSTGELF	ASSLSPSGELF	1	0.9282
ASSLSGGYNNEQF	ASSLSGGYNEQF	1	0.9331
ASSSPGQTYEQY	ASSSGQTYEQY	1	0.9377
ASSSPGQTYEQY	ASSSSPGQTYEQY	1	0.9697
CASSSPTDSAETLYF	CASSSPDSAETLYF	1	0.9097
ASSTGTGGYEQY	ASSGTGGYEQY	1	0.9587
ASSTGTGGYEQY	ASSATGTGGYEQY	1	0.9611
ASSTGTGGYEQY	ASSQTGTGGYEQY	1	0.9506
ASSTGTGGYEQY	ASSTGTGLGYEQY	1	0.8976
ASSQSLAPGELF	ASSQLAPGELF	1	0.9397
ASSQALNTEAF	ASSQLNTEAF	1	0.9447
ASSQALNTEAF	ASSQANTEAF	1	0.9355
ASSQALNTEAF	ASSQAQLNTEAF	1	0.932
ASSQALNTEAF	ASSQAVLNTEAF	1	0.9403
ASSAGQGGYEQY	ASSGQGGYEQY	1	0.9588
ASSAGQGGYEQY	ASSAGQGYEQY	1	0.9256
SARDRQDYGYT	SARDRDYGYT	1	0.8963
ASSDGRVATNEKLF	ASSDGVATNEKLF	1	0.9127
ASSFLNEQF	ASSLNEQF	1	0.9414
ASSFLNEQF	ASSFLGNEQF	1	0.9253
ASSFLNEQF	ASSFLYNEQF	1	0.9254
ASSYSDSYNEQF	ASSSDSYNEQF	1	0.9437
ASSYSDSYNEQF	ASSYSSYNEQF	1	0.921
ASSLGQGSYNEQF	ASSLQGSYNEQF	1	0.9183
ASSLGQGSYNEQF	ASSLTGQGSYNEQF	1	0.9252
CASSLQTGVRSYEQY	ASSLQTGVRSYEQY	1	0.967
ASSFTEGNEQF	ASSFEGNEQF	1	0.9257
ASSLAQSYEQY	ASSLQSYEQY	1	0.9424
ASSVGTGNQPQH	ASSGTGNQPQH	1	0.9462
ASSVGTGNQPQH	ASSVGTNQPQH	1	0.9068
ASSVGTGNQPQH	ASSVGTGGNQPQH	1	0.9108
ASSVGTGNQPQH	ASSVGTGSNQPQH	1	0.9082
ASSEFLDYYGYT	ASEFLDYYGYT	1	0.9629
ASSEFLDYYGYT	ASSEFLDYGYT	1	0.9104
ASSQGTGFSYEQY	ASSGTGFSYEQY	1	0.9473
ASSQGTGFSYEQY	ASSQGTGSYEQY	1	0.8955
ASSVGGISNEQF	ASSVGGSNEQF	1	0.9261
SASGNQETQY	SASGQETQY	1	0.9401
SASGNQETQY	SASGRNQETQY	1	0.9308
ASSDRAGSTDTQY	ASSDRASTDTQY	1	0.924
ASSDRAGSTDTQY	ASSDRAGTDTQY	1	0.9263
ASSVGTGKAYEQY	ASSVGTGAYEQY	1	0.9107
ASSYSGGTEAF	ASSYGGTEAF	1	0.9409
ASSYSGGTEAF	ASSYSGGDTEAF	1	0.9291
ASSYSGGTEAF	ASSYSGGNTEAF	1	0.9333
ASSLTSEQF	ASSLTGSEQF	1	0.9403
ASSLTSEQF	ASSLTSDEQF	1	0.95
ASSLTSEQF	ASSLTSTEQF	1	0.9562
ASLFGSNEQF	ASLFSNEQF	1	0.9263
ASLFGSNEQF	ASSLFGSNEQF	1	0.967
ASSAGDNYGYT	ASSAGDLNYGYT	1	0.901
SASQEGNYGYT	ASQEGNYGYT	1	0.969
ASSPTDYNEQF	ASSPDYNEQF	1	0.9178
ASSFWGRTGELF	ASSFGRTGELF	1	0.897
ASSLRGPSYEQY	ASSLGPSYEQY	1	0.9165
SRDRVGNTIY	CSRDRVGNTIY	1	0.9589
SRDRVGNTIY	SSRDRVGNTIY	1	0.9678
SRDRVGNTIY	SGRDRVGNTIY	1	0.9542
SRDRVGNTIY	STRDRVGNTIY	1	0.9609
ASSLGGPTYNEQF	ASSLGGTYNEQF	1	0.894
ASSQGARVQETQY	ASSQGRVQETQY	1	0.9256
ASSQGARVQETQY	ASSQGARVYQETQY	1	0.9058
ASSTLTGGDTEAF	ASSLTGGDTEAF	1	0.9613
ASSLARGGNEQY	ASSLAGGNEQY	1	0.9272
ASSLARGGNEQY	ASSLARGGNYEQY	1	0.9221
ASSPSGGTEAF	ASSPSVGGTEAF	1	0.9281
ASSPSGGTEAF	ASSPSGGNTEAF	1	0.934
AWRGPAYNEQF	AWRGGPAYNEQF	1	0.888
SAKPSDSYEQY	SAKPSDSYEY	1	0.9527
ASNEGDEQF	ASNEPGDEQF	1	0.9162
SARDGTGNGY	SARDGTGNGYS	1	0.9654
SARDGTGNGY	SARDGTGNGYT	1	0.9642
ASSRGNTEAF	ASSGNTEAF	1	0.9482
ASSRGNTEAF	ASSRNTEAF	1	0.9347
ASSRGNTEAF	ASSRGTEAF	1	0.9342
ASSRGNTEAF	ASSLRGNTEAF	1	0.9444
ASSRGNTEAF	ASSRGGNTEAF	1	0.9396
ASSRGNTEAF	ASSRTGNTEAF	1	0.9384
ASSRGNTEAF	ASSRGENTEAF	1	0.9269
ASSRGNTEAF	ASSRGRNTEAF	1	0.9244
ASSQGYEQY	ASSGYEQY	1	0.9481
ASSQGYEQY	ASSSQGYEQY	1	0.9693
ASSQGYEQY	ASRSQGYEQY	1	0.9487
ASSQGYEQY	ASSDQGYEQY	1	0.9451
ASSQGYEQY	ASSEQGYEQY	1	0.9523
ASSQGYEQY	ASSGQGYEQY	1	0.9475
ASSQGYEQY	ASSLQGYEQY	1	0.9417
ASSQGYEQY	ASSNQGYEQY	1	0.9493
ASSQGYEQY	ASSQQGYEQY	1	0.9542
ASSQGYEQY	ASSQGGYEQY	1	0.9369
ASSQGYEQY	ASSQRGYEQY	1	0.9352
ASSQGYEQY	ASSQGLYEQY	1	0.9233
ASSQGYEQY	ASSQGNYEQY	1	0.9244
ASSQGYEQY	ASSQGPYEQY	1	0.9102
ASSQGYEQY	ASSQGSYEQY	1	0.9342
ASSQGYEQY	ASSQGVYEQY	1	0.9247
SAKESSGSIFYEQF	SAKESSGSIFEQF	1	0.9308
ASSRQTGSYGYT	ASSRQTGTSYGYT	1	0.9107
ASSFQGSNQPQH	ASSQGSNQPQH	1	0.9358
ASSFQGSNQPQH	ASSFQGNQPQH	1	0.907
ASSPGGTGELF	ASSGGTGELF	1	0.9415
ASSPGGTGELF	ASSPGGGELF	1	0.9249
ASSPGGTGELF	ASSDPGGTGELF	1	0.9434
ASSPGGTGELF	ASSPTGGTGELF	1	0.9299
ASSPGGTGELF	ASSPWGGTGELF	1	0.8875
ASSLGTTGNTIY	ASSLGTGNTIY	1	0.9328
ASSDLAGSYNEQF	ASSLAGSYNEQF	1	0.9476
ASSPDIGWGCEQF	ASSPDIGWGEQF	1	0.8719
ASSISGGYEQYV	ASSISGGYEQY	1	0.9664
ASSLPGTYNEQF	ASSLPGYNEQF	1	0.8928
ASSFLAGLGDEQF	ASSFGLAGLGDEQF	1	0.9122
ASSSPTYEQY	ASSPTYEQY	1	0.9681
ASSSPTYEQY	ASSSTYEQY	1	0.9424
ASSSPTYEQY	ASSLSPTYEQY	1	0.9438
ASSSPTYEQY	ASSYSPTYEQY	1	0.9388
ASSSPTYEQY	ASSSPPTYEQY	1	0.9442
ASSFSRATDTQY	ASSSRATDTQY	1	0.945
ASSYSSSYEQY	ASSSSSYEQY	1	0.9535
ASSYSSSYEQY	ASSYQSSSYEQY	1	0.9456
ASSYSSSYEQY	ASSYSDSSYEQY	1	0.9343
ASSYSSSYEQY	ASSYSGSSYEQY	1	0.934
ASSYSSSYEQY	ASSYSSGSYEQY	1	0.9334
ASSYSAGAETQY	ASSYSARGAETQY	1	0.9199
ASSLGLAGGFYEQY	ASSLGLAGGFFYEQY	1	0.9149
ASSLSDSLYNEQF	ASSLSDSYNEQF	1	0.9133
ASSLGQGQEQY	ASSLGQGQETQY	1	0.9443
ASSLILAGADTQY	ASSLILAGAIDTQY	1	0.9255
ASSPIEGGETQY	ASSPEGGETQY	1	0.9175
ASSPGGEAF	ASSPTGGEAF	1	0.9368
ASSPGGEAF	ASSPGRGEAF	1	0.9154
ASSPGGEAF	ASSPGGAEAF	1	0.9476
ASSPGGEAF	ASSPGGEEAF	1	0.9506
ASSPGGEAF	ASSPGGIEAF	1	0.93
ASSPGGEAF	ASSPGGLEAF	1	0.9315
ASSPGGEAF	ASSPGGNEAF	1	0.9374
ASSVGGTHYEQY	ASSVGGTYEQY	1	0.9149
ASSSTSGGQETQY	ASSSSGGQETQY	1	0.9649
ASSSTSGGQETQY	ASSSTGGQETQY	1	0.9608
ASSSTSGGQETQY	ASSPSTSGGQETQY	1	0.949
ASSYSFYGYT	ASSYSYGYT	1	0.9209
ASSLFAGLTYEQY	ASSLAGLTYEQY	1	0.9307
ASSLFAGLTYEQY	ASSLFAGTYEQY	1	0.9066
ASSLSPTPYEQY	ASSLSPTYEQY	1	0.905
ASRDRGGETQY	ASIRDRGGETQY	1	0.9432
ASQNGTVTPGSCF	ASQNGTVNTPGSCF	1	0.8802
SAGTGDGGELFF	SAGTGDGGELF	1	0.9653
ASSYGGSSYNEQF	ASSYGGSYNEQF	1	0.9247
ASSYGGSSYNEQF	ASSYGGGSSYNEQF	1	0.9303
ASSYGGSSYNEQF	ASSYSGGSSYNEQF	1	0.9332
ASSYGGSSYNEQF	ASSYGVGSSYNEQF	1	0.9005
ASSWNYEQY	ASSNYEQY	1	0.9162
ASSWNYEQY	ASSWNYEY	1	0.9411
ASSWNYEQY	ASSWNDYEQY	1	0.8983
ASSETGSNQPQH	ASSEYTGSNQPQH	1	0.9216
ASSETGSNQPQH	ASSETGVSNQPQH	1	0.9092
ASSLGGEKAF	ASSLGGEAF	1	0.9505
ASSIEGNEQF	ASSEGNEQF	1	0.9437
ASSIEGNEQF	ASSIWEGNEQF	1	0.9024
ASSLAGGNQPQH	ASSLGAGGNQPQH	1	0.927
ASSLAGGNQPQH	ASSLSAGGNQPQH	1	0.9375
ASSLAGGNQPQH	ASSLVAGGNQPQH	1	0.9406
ASSLAGGNQPQH	ASSLAGLGNQPQH	1	0.8992
ASSLAGGNQPQH	ASSLAGGNNQPQH	1	0.9277
ASSLAGGNQPQH	ASSLAGGTNQPQH	1	0.9178
ASSLAGGNQPQH	ASSLAGGYNQPQH	1	0.8988
ASSLAGGNQPQH	ASSLAGGNLQPQH	1	0.9099
ASSYSSGGELF	ASSSSGGELF	1	0.9475
ASSWGQGNSPLH	ASSWSGQGNSPLH	1	0.8928
ASSPWGGNTEAF	ASSPGGNTEAF	1	0.8889
ASSPTGGGNTEAF	ASSPGGGNTEAF	1	0.934
ASSWGGQGSYEQY	ASSWGQGSYEQY	1	0.8979
ASSLGSTGTYEQY	ASSLSTGTYEQY	1	0.9279
SVGGSSYEQY	SVAGGSSYEQY	1	0.9595
SVGGSSYEQY	SVGRGSSYEQY	1	0.9272
SVGGSSYEQY	SVGGTSSYEQY	1	0.9413
SVGGSSYEQY	SVGGVSSYEQY	1	0.9329
ASSPRTSTDTQY	ASSPTSTDTQY	1	0.9332
ASSPRTSTDTQY	ASSPDRTSTDTQY	1	0.9264
ASSPRTSTDTQY	ASSPRTLSTDTQY	1	0.9152
ASSPRTSTDTQY	ASSPRTSTVDTQY	1	0.9251
ASSPLSYEQY	ASSPLYEQY	1	0.9237
ASSPLSYEQY	ASSLPLSYEQY	1	0.9444
ASSPLSYEQY	ASSPGLSYEQY	1	0.9174
ASSPLSYEQY	ASSPTLSYEQY	1	0.9299
ASSQDFGVYEQY	ASSQDFGYEQY	1	0.9022
ASSLSGVGYT	ASSLSGDVGYT	1	0.9189
ASSIGGVVYEQY	ASSIGAGVVYEQY	1	0.9236
ASTSGITDTQY	ASSGITDTQY	1	0.9626
ASFLLGGAQPQH	ACSFLLGGAQPQH	1	0.9502
ASFLLGGAQPQH	AGSFLLGGAQPQH	1	0.96
ASFLLGGAQPQH	AISFLLGGAQPQH	1	0.9603
ASFLLGGAQPQH	ALSFLLGGAQPQH	1	0.9609
ASFLLGGAQPQH	ASCFLLGGAQPQH	1	0.9356
ASFLLGGAQPQH	ASFFLLGGAQPQH	1	0.9462
ASFLLGGAQPQH	ASIFLLGGAQPQH	1	0.949
ASFLLGGAQPQH	ASMFLLGGAQPQH	1	0.948
ASFLLGGAQPQH	ASRFLLGGAQPQH	1	0.9466
ASSVDDYEQY	ASSDDYEQY	1	0.946
ASSIQGNYEQY	ASSQGNYEQY	1	0.9399
SARDLRGQGQF	SARDRGQGQF	1	0.9056
ASSFGTGNYGYT	ASSFGTGYGYT	1	0.8923
ASSSAYYGYT	ASSAYYGYT	1	0.971
ASLAGPSNEQF	ASSLAGPSNEQF	1	0.968
ASSPRDSYNEQF	ASSPGRDSYNEQF	1	0.9055
ASSPRDSYNEQF	ASSPRDNSYNEQF	1	0.8986
ASSPRDSYNEQF	ASSPRDRSYNEQF	1	0.8901
ASSPRDSYNEQF	ASSPRDSPYNEQF	1	0.8819
ASSVGWGDYEQY	ASSVGGDYEQY	1	0.8743
ASSPGRGHGYT	ASSPGGHGYT	1	0.894
SARGGYEQY	SARGGSYEQY	1	0.9301
ASSLHTDDSNQPQH	ASSLTDDSNQPQH	1	0.9148
ASSLAGFSYNEQF	ASSLAGSYNEQF	1	0.9022
ASSFLAGAGEQF	ASSLAGAGEQF	1	0.9467
ASSTLANEQF	ASSTGLANEQF	1	0.9401
ASSQDSGNEQF	ASSQDLSGNEQF	1	0.9198
CASSGQDSAETLYF	CASSGDSAETLYF	1	0.9099
ASSYSTDSSYEQY	ASSYSDSSYEQY	1	0.934
ASSSSGYGYT	ASSSGYGYT	1	0.9735
ASSSSGYGYT	ASSQSSGYGYT	1	0.9562
ASSSSGYGYT	ASSSSRGYGYT	1	0.9496
ASSLYGNEQF	ASSYGNEQF	1	0.9398
ASSLYGNEQF	ASSLGNEQF	1	0.9258
ASSLYGNEQF	ASSLYNEQF	1	0.9213
ASSLYGNEQF	ASSDLYGNEQF	1	0.9419
ASSLYGNEQF	ASSPLYGNEQF	1	0.933
ASSLYGNEQF	ASSLYGGNEQF	1	0.9272
SGAYSYNEQF	SSGAYSYNEQF	1	0.9693
ASSAGGVSYNEQF	ASSGGVSYNEQF	1	0.9596
ASSLTESSYNSPLH	ASSLESSYNSPLH	1	0.9364
ASSPGTPYEQY	ASSPGTYEQY	1	0.8999
ASSPGTPYEQY	ASSPQGTPYEQY	1	0.9081
SARDTSGTSYNEQF	SARDTSGSYNEQF	1	0.9033
ASSGLFSGANVLT	ASSGLSGANVLT	1	0.9231
ASSFTGETQY	ASSFGETQY	1	0.9292
ASSFTGETQY	ASSFTGEQY	1	0.9426
ASSFTGETQY	ASSQFTGETQY	1	0.9484
ASSFTGETQY	ASSFRTGETQY	1	0.9207
SVESTGDGYT	SVETGDGYT	1	0.9378
ASSLGQGNEQF	ASSGQGNEQF	1	0.944
ASSLGQGNEQF	ASSLGQGDNEQF	1	0.9201
ASSLGQGNEQF	ASSLGQGINEQF	1	0.9104
ASSLGQGNEQF	ASSLGQGRNEQF	1	0.9163
ASSLPDGYEQY	ASSPDGYEQY	1	0.9325
ASSLPDGYEQY	ASSLKPDGYEQY	1	0.9138
ASSEGSNEKLF	ASSEGSEKLF	1	0.9405
ARIRTGSGANVLT	ASRIRTGSGANVLT	1	0.9676
ASSLQGDTEAF	ASSQGDTEAF	1	0.9449
ASSLQGDTEAF	ASSLQGSDTEAF	1	0.9257
ASSLAGFDTQY	ASSLAGDTQY	1	0.9153
ASSLAGSNEKLF	ASSLAGNEKLF	1	0.9375
ASSPVTGASYNEQF	ASSPTGASYNEQF	1	0.9192
ASSSRTGSTEAF	ASSSTGSTEAF	1	0.9558
ASSTSSGAYEQY	ASSSSGAYEQY	1	0.966
ASSLLDSYEQY	ASSLDSYEQY	1	0.9502
ASSLLDSYEQY	ASSLALDSYEQY	1	0.9362
ASSLLDSYEQY	ASSLRLDSYEQY	1	0.9264
ASSLLDSYEQY	ASSLTLDSYEQY	1	0.9348
ASSLDGLGYT	ASSLDGGYT	1	0.9178
SVDHNEQF	SVHNEQF	1	0.9316
ASSNRDYNEQF	ASSNRDNEQF	1	0.9129
ASSNRDYNEQF	ASSPNRDYNEQF	1	0.9331
ASSPQTGLSYEQY	ASSQTGLSYEQY	1	0.939
CASSPGLAYEQYF	CASSPGLAEQYF	1	0.8977
ASSYGLGEQY	ASSYGLGYEQY	1	0.9206
ASSLGSHEQF	ASSLGHEQF	1	0.9302
ASSIRDYTEAF	ASSIRDSYTEAF	1	0.914
ASSLWTSDTQY	ASSLTSDTQY	1	0.9164
ASSLWTSDTQY	ASSLWTSQDTQY	1	0.9148
ASSPGANVLT	ASSGANVLT	1	0.9433
ASSPGANVLT	ASSSPGANVLT	1	0.9702
ASSPGANVLT	ASSFPGANVLT	1	0.9342
ASSPGANVLT	ASSPIGANVLT	1	0.9256
ASSPGANVLT	ASSPSGANVLT	1	0.9401
ASSPGANVLT	ASSPYGANVLT	1	0.9154
ASSPLAGGPLNEQF	ASSLAGGPLNEQF	1	0.9366
ASSPLAGGPLNEQF	ASSPLAGGLNEQF	1	0.892
ASSFGPDTQY	ASSFPDTQY	1	0.9089
ASSFGPDTQY	ASSFGDTQY	1	0.905
CASSPEQETQYF	CASSPEETQYF	1	0.9094
ASSLGNQETQY	ASSLRGNQETQY	1	0.928
SVVRENTGELF	SVRENTGELF	1	0.9609
ASSIISGSYNEQF	ASSISGSYNEQF	1	0.9501
ASSPGYSTDTQY	ASSPGSTDTQY	1	0.9064
ASSIGQGLTYEQY	ASSIGQLTYEQY	1	0.8949
AVEGGRDTQY	AVGGRDTQY	1	0.9417
ASSFLAGNTDTQY	ASSLAGNTDTQY	1	0.9416
ASSFLAGNTDTQY	ASSFLAGTDTQY	1	0.9163
ASSLGAGGAGNTIY	ASSLAGGAGNTIY	1	0.9379
ASSLRGGNQPQH	ASSLRGGQPQH	1	0.914
ASSLRGGNQPQH	ASSSLRGGNQPQH	1	0.9672
ASSLRGGNQPQH	ASSLRLGGNQPQH	1	0.9075
ASTSPGNEQY	ASTSYPGNEQY	1	0.9182
ASGAGELF	ASSGAGELF	1	0.9688
ASGAGELF	ASTGAGELF	1	0.958
ASSGTSGHNEQF	ASSGTSGNEQF	1	0.9237
ASSLTSGRGETQY	ASSLSGRGETQY	1	0.9362
ASSPRQGVGETQY	ASSPRQGGETQY	1	0.8923
ASSLTSGDYEQY	ASSLSGDYEQY	1	0.9345
ASSLTSGDYEQY	ASSPLTSGDYEQY	1	0.939
ASSLAGGNTIY	ASSAGGNTIY	1	0.9501
ASSLAGGNTIY	ASSLGGNTIY	1	0.9472
ASSLAGGNTIY	ASSLAGSGNTIY	1	0.9342
ASVGLAGVNEQF	SVGLAGVNEQF	1	0.9722
ASSLVEYEQY	ASSLVYEQY	1	0.9363
ASSEGQGNTEAF	ASSEQGNTEAF	1	0.9329
ASSDTSYGYT	ASSDTYGYT	1	0.9357
ASSLARTYEQY	ASSLATYEQY	1	0.9274
ASSLARTYEQY	ASSLARYEQY	1	0.926
ASSLARTYEQY	ASSLARTAYEQY	1	0.9265
ASSSVGSSYNEQF	ASSVGSSYNEQF	1	0.9733
ASSSVGSSYNEQF	ASSSGSSYNEQF	1	0.9516
ASSYGLADTQY	ASSYGADTQY	1	0.9136
ASSYGLADTQY	ASSYTGLADTQY	1	0.9229
ASSYGLADTQY	ASSYGLGADTQY	1	0.9064
ASSSGGNYGYT	ASSLSGGNYGYT	1	0.9447
ASSPLAGGLYNEQF	ASSPLAGGLNEQF	1	0.9032
ASSLDPGSSYNSPLH	ASSLDPRGSSYNSPLH	1	0.8626
ASSLGLAGTDTQY	ASSLGLAGGTDTQY	1	0.9146
ASSLGLAGTDTQY	ASSLGLAGSTDTQY	1	0.9193
SVGQTYEQY	SVGGQTYEQY	1	0.9404
ASSNPGGQPQH	ASSPGGQPQH	1	0.9442
ASSPTGASYEQY	ASSPTGAYEQY	1	0.9241
ASNPQGSNQPQH	ASNPQGSQPQH	1	0.9058
ASSLNGADTQY	ASSLGADTQY	1	0.9301
ASSLNGADTQY	ASSLNGVADTQY	1	0.9176
ASRHLNTEAF	ASRLNTEAF	1	0.9271
ASSGAGPAYEQY	ASGAGPAYEQY	1	0.9666
ASSGAGPAYEQY	ASSGGPAYEQY	1	0.9346
ASSLGENTEAF	ASSLGETEAF	1	0.9292
ASSLGENTEAF	ASSLEGENTEAF	1	0.9314
ASSLGENTEAF	ASSLFGENTEAF	1	0.9302
ASSLGENTEAF	ASSLIGENTEAF	1	0.9413
ASSLGENTEAF	ASSLTGENTEAF	1	0.9365
ASSLGENTEAF	ASSLYGENTEAF	1	0.9243
ASSLGENTEAF	ASSLGETNTEAF	1	0.9241
ASSFRGENQPQH	ASSRGENQPQH	1	0.9311
ASSFRGENQPQH	ASSFRGNQPQH	1	0.8927
ASPGQGAGELF	ASGQGAGELF	1	0.9432
ASSLSSANYGYT	ASSLSSNYGYT	1	0.9384
ASSLSSANYGYT	ASSLSSPANYGYT	1	0.917
CASSRGPSSYEQYF	CASSRDGPSSYEQYF	1	0.8628
SVEGGASYEQY	SVEGGAGSYEQY	1	0.924
ASSSKTGELF	ASSSTGELF	1	0.9579
ASSSKTGELF	ASSLSKTGELF	1	0.9517
ASSIDYSSNQPQH	ASSIDSSNQPQH	1	0.9088
ATDNTNYGYT	SATDNTNYGYT	1	0.9687
ASSLLRADTQY	ASSLLRDTQY	1	0.9345
ASSLDWGETQY	ASSLDGETQY	1	0.8841
ASSPGQGIYGYT	ASSPGGIYGYT	1	0.8918
ASSLGDGELF	ASSLGGELF	1	0.9224
ASSLGDGELF	ASSLGDTGELF	1	0.9195
ASSLSGAGYGYT	ASSLGAGYGYT	1	0.9356
ASSLSGAGYGYT	ASSLSGAYGYT	1	0.9144
ASSLSGAGYGYT	ASSLSGGAGYGYT	1	0.9294
ASSQGQGDGYT	ASSQGGDGYT	1	0.9165
ASSQGQGDGYT	ASSQPGQGDGYT	1	0.9159
ASSFGWGALGTEAF	ASSFGWGLGTEAF	1	0.8678
ASSIGNEQF	ASSLIGNEQF	1	0.9472
ASSIGNEQF	ASSIGHNEQF	1	0.9191
ASSIGNEQF	ASSIGTNEQF	1	0.9324
ASSIGNEQF	ASSIGNIEQF	1	0.9279
ASSQGPGLGDTEAF	ASSQGPGGDTEAF	1	0.874
ASSIGAGDEQF	ASSIAGDEQF	1	0.9337
ARTNEKLF	ASRTNEKLF	1	0.9639
ATAGGETQY	SATAGGETQY	1	0.9722
ASSHEPSYEQY	ASSHPSYEQY	1	0.9228
ASSRGQGVAYEQY	ASSRGQVAYEQY	1	0.9011
ASSRGQGVAYEQY	ASSRGQGAYEQY	1	0.9046
ASQVNANYGYT	ASSQVNANYGYT	1	0.9671
ASSWGTGLTEAF	ASSWGTGLLTEAF	1	0.9152
ASSLTGTGEAF	ASSLTGGEAF	1	0.9296
ASSSYNSPLH	ASSSNSPLH	1	0.9405
ASSSYNSPLH	ASSLSYNSPLH	1	0.9452
ASSSYNSPLH	ASSSYMNSPLH	1	0.9258
ASSLVDRDYNEQF	ASSVDRDYNEQF	1	0.9409
ASSAGSPNEQF	ASSLAGSPNEQF	1	0.9461
ASSVADNEQF	ASSVANEQF	1	0.9419
ASSVADNEQF	ASSVADEQF	1	0.9436
ASSLAQGAPEAF	ASSLAGAPEAF	1	0.9269
ASSSPVSSYEQY	ASSSPVSYEQY	1	0.9389
SARDGVGNGYT	SARDGGNGYT	1	0.9015
ASSEGLAGYNEQF	ASSEGAGYNEQF	1	0.905
ASSEGLAGYNEQF	ASSSEGLAGYNEQF	1	0.9684
ASSWGDYNEQF	ASSGDYNEQF	1	0.9107
ASSWGDYNEQF	ASSWGYNEQF	1	0.8804
ASSWGDYNEQF	ASSWGVDYNEQF	1	0.8687
ASSWGDYNEQF	ASSWGDSYNEQF	1	0.8854
CASSTQGQPQHF	CASSTQGSQPQHF	1	0.8715
ASSQTTGGYEQY	ASSQTGTGGYEQY	1	0.9193
ASSGQGYNEQF	ASSQGYNEQF	1	0.946
ASSGQGYNEQF	ASSGGYNEQF	1	0.9237
ASSGQGYNEQF	ASSGQGNEQF	1	0.9121
ASSGQGYNEQF	ASSGGQGYNEQF	1	0.9486
ASSGQGYNEQF	ASSPGQGYNEQF	1	0.9335
ASSGQGYNEQF	ASSYGQGYNEQF	1	0.9342
ASSYSSSTDTQY	ASSSSSTDTQY	1	0.9561
ASSYSSSTDTQY	ASSYSSTDTQY	1	0.9568
ASSVTENTEAF	ASSVTEMNTEAF	1	0.9258
ASSDGTEKLF	ASSPDGTEKLF	1	0.9389
ASSLWGQETQY	ASSLSWGQETQY	1	0.9152
ASSLWGQETQY	ASSLWDGQETQY	1	0.8855
ASSLWGQETQY	ASSLWGEQETQY	1	0.9085
ASSLSGTVSYEQY	ASSLGTVSYEQY	1	0.9361
ASSLSGTVSYEQY	ASSLSGTVYEQY	1	0.9249
ASSLSGTVSYEQY	ASSLSGTVSSYEQY	1	0.9313
ASSLVGATYEQY	ASSLGATYEQY	1	0.9418
ASSLVGATYEQY	ASSLVATYEQY	1	0.9272
ASSAGTAYEQY	ASSGTAYEQY	1	0.9624
ASSAGTAYEQY	ASSQAGTAYEQY	1	0.9543
ASSAGTAYEQY	ASSAGTGAYEQY	1	0.9268
ASSAGTAYEQY	ASSAGTAGYEQY	1	0.9258
ASSWTGSYEQF	ASSWTSGSYEQF	1	0.9104
ASSYRGQGAADTQY	ASSYGQGAADTQY	1	0.9158
ASSLGGDSPLH	ASSLGQGDSPLH	1	0.9057
ASSLAGSTEAF	ASSLGSTEAF	1	0.9506
ASSLAGSTEAF	ASSLAQGSTEAF	1	0.9362
ASSLTYGYEQY	ASSLTGYEQY	1	0.9124
ASSPGQGAYEQY	ASSGQGAYEQY	1	0.9377
ASSPGQGAYEQY	ASSPQGAYEQY	1	0.9151
ASSPGQGAYEQY	ASSPGQAYEQY	1	0.9055
ASSPGQGAYEQY	ASSPGQGYEQY	1	0.9097
ASSPGQGAYEQY	ASSSPGQGAYEQY	1	0.9664
ASSPGQGAYEQY	ASSPGQGVAYEQY	1	0.8983
ASSPGQGAYEQY	ASSPGQGYAYEQY	1	0.8834
ASSPGQGAYEQY	ASSPGQGAIYEQY	1	0.906
ASSPGQGAYEQY	ASSPGQGALYEQY	1	0.9073
ASSLGTNYEQY	ASSLTNYEQY	1	0.9228
ASSQVSSSYEQY	ASSQVDSSSYEQY	1	0.9368
ASSIAGGGNEQF	ASSIAGTGGNEQF	1	0.9238
ASSIAGGGNEQF	ASSIAGGVGNEQF	1	0.9179
ASSLSGTGNTIY	ASSSGTGNTIY	1	0.9508
ASSLSGTGNTIY	ASSLGTGNTIY	1	0.9379
ASSLAGVEETQY	ASSLLAGVEETQY	1	0.9544
ASSPGGPYEQY	ASSPGGYEQY	1	0.9038
ASSPGGPYEQY	ASSPAGGPYEQY	1	0.9213
ASSPGGPYEQY	ASSPGGPLYEQY	1	0.8994
ASSPGLAGGYEQF	ASSPGLAGGEQF	1	0.9199
ASTPGGLNTEAF	ASTPGVGLNTEAF	1	0.8919
ASSLGSGAEQY	ASSLGSGEQY	1	0.9465
ASSLIMNTEAF	ASSIMNTEAF	1	0.9533
ASSLGRAYEQY	ASSLGAYEQY	1	0.9153
ASSLGRAYEQY	ASSLGRYEQY	1	0.917
ASSLGRAYEQY	ASSLGRAIYEQY	1	0.9154
ASSQSDTEAF	ASSQDTEAF	1	0.9524
ASSLSQGGNEQF	ASSLSQGNEQF	1	0.9342
ASSPRDHTDTQY	ASSPRDSHTDTQY	1	0.8931
ASSPDSSYNEQF	ASSPSSYNEQF	1	0.9279
ASSPDSSYNEQF	ASSPPDSSYNEQF	1	0.9418
ASSPDSSYNEQF	ASSPADSSYNEQF	1	0.9301
ASSPDSSYNEQF	ASSPDGSSYNEQF	1	0.9113
ASSPDSSYNEQF	ASSPDHSSYNEQF	1	0.904
ASSPDSSYNEQF	ASSPDISSYNEQF	1	0.9078
ASSPDSSYNEQF	ASSPDTSSYNEQF	1	0.9216
ASSPDSSYNEQF	ASSPDSISYNEQF	1	0.9015
ASSLLVEQF	ASSLLVNEQF	1	0.9465
ASSLLVEQF	ASSLLVSEQF	1	0.9569
ASSQDPPSSNEQF	ASSQDPPSSYNEQF	1	0.9097
SAIYPAGLQAGGGDEQY	SAYPAGLQAGGGDEQY	1	0.9417
ASSLQAQETQY	ASSLAQETQY	1	0.9446
ASSPGSEQY	ASSPAGSEQY	1	0.9433
ASSPGSEQY	ASSPGGSEQY	1	0.943
ASSPGSEQY	ASSPTGSEQY	1	0.9371
ASSPGSEQY	ASSPGTSEQY	1	0.9401
ASSSRGGGPDTQY	ASSSRGGPDTQY	1	0.9297
ASSSGTDYGYT	ASSSGTYGYT	1	0.9198
ASSSGTRTDTQY	ASSSGTRRTDTQY	1	0.9323
ASSQDTSSYNEQF	ASSQTSSYNEQF	1	0.9405
ASSGRGNEQF	ASSGGNEQF	1	0.9298
ASSGRGNEQF	ASSFGRGNEQF	1	0.9346
ASSGRGNEQF	ASSLGRGNEQF	1	0.9424
ASSGRGNEQF	ASSWGRGNEQF	1	0.9158
ASSGRGNEQF	ASSGRAGNEQF	1	0.9295
ASSLGTVYNEQF	ASSLGVYNEQF	1	0.9147
ASSLGTVYNEQF	ASSLGTVNEQF	1	0.9155
ASSLGTVYNEQF	ASSLSGTVYNEQF	1	0.9303
ASSLGTVYNEQF	ASSLGTEVYNEQF	1	0.9021
ASSLGTVYNEQF	ASSLGTIVYNEQF	1	0.914
ASSPLGDNEQF	ASSLGDNEQF	1	0.9365
ASSPLGDNEQF	ASSPLGDEQF	1	0.9266
ASSWTGGLNEQF	ASSWGGLNEQF	1	0.9012
ASSWTGGLNEQF	ASSWTGGVLNEQF	1	0.9009
ASSQTDRSYEQY	ASSQDRSYEQY	1	0.9355
ASSQLSGGETQY	ASSLSGGETQY	1	0.9543
ASSRDWGYEQY	ASSRDGYEQY	1	0.8768
ASSRDWGYEQY	ASSRDWGDYEQY	1	0.8728
ASSLGASGYT	ASSLGAGSGYT	1	0.9351
ASSQGGQYEQY	ASSQGGYEQY	1	0.9283
ASSQGGQYEQY	ASSQRGGQYEQY	1	0.9355
SARGTGNGYT	SARDGTGNGYT	1	0.9256
SARGTGNGYT	SAREGTGNGYT	1	0.9318
SARGTGNGYT	SARFGTGNGYT	1	0.9171
SARGTGNGYT	SARGGTGNGYT	1	0.9348
SARGTGNGYT	SARVGTGNGYT	1	0.9273
SARGTGNGYT	SARGRTGNGYT	1	0.9102
ASSLVGNGYNEQF	ASSLVGNYNEQF	1	0.8959
ASSLAAEQF	ASSLAGAEQF	1	0.9447
ASSLGTGLSYEQY	ASSLGGLSYEQY	1	0.9084
ASSLGTGLSYEQY	ASSLGTGSYEQY	1	0.9036
ASREGTSGELF	ASRETSGELF	1	0.9281
ASSLVATGELF	ASSLVLATGELF	1	0.9461
ASSLVATGELF	ASSLVQATGELF	1	0.934
ASSLVATGELF	ASSLVTATGELF	1	0.946
ASSLVATGELF	ASSLVADTGELF	1	0.9276
ASSLVATGELF	ASSLVAGTGELF	1	0.9351
ASSQVSGTYNEQF	ASSQSGTYNEQF	1	0.9302
ASSPGQTYEQY	ASSPGTYEQY	1	0.9108
ASSPGQTYEQY	ASSPGQYEQY	1	0.9119
ASSPGQTYEQY	ASSPPGQTYEQY	1	0.9365
ASSPGQTYEQY	ASSQPGQTYEQY	1	0.9446
ASSPGQTYEQY	ASSYPGQTYEQY	1	0.9302
ASSLGGNEKLF	ASSLGNEKLF	1	0.938
ASSLGGNEKLF	ASSLGGEKLF	1	0.9356
ASSPSGGIYEQY	ASSPSGIYEQY	1	0.9211
ASSPSGGIYEQY	ASSPSSGGIYEQY	1	0.9355
ASSVGQGVTYEQY	ASSVGQGTYEQY	1	0.9047
ASSLGGDNSPLH	ASSLGAGDNSPLH	1	0.9155
ASSLGGDNSPLH	ASSLGGDYNSPLH	1	0.8898
CASSLTSEQFF	CASSLSTSEQFF	1	0.9026
ASSLLAGALYNEQF	ASSLLAGAYNEQF	1	0.9154
ASSLRTYEQY	ASSLTYEQY	1	0.9318
ASSLRTYEQY	ASSLGRTYEQY	1	0.9206
ASSLRTYEQY	ASSLSRTYEQY	1	0.9361
ASSLRTYEQY	ASSLTRTYEQY	1	0.9366
ASSLRTYEQY	ASSLRQTYEQY	1	0.928
ASSDLDSYGYT	ASSLDSYGYT	1	0.9474
ASSPLAGGPDTQY	ASSLAGGPDTQY	1	0.9376
ASSPLAGGPDTQY	ASSPLAGGLPDTQY	1	0.8873
ASSPLAGGPDTQY	ASSPLAGGPADTQY	1	0.9063
ASSPRVTSYEQY	ASSPRTSYEQY	1	0.9177
ASSRRDEQF	ASSLRRDEQF	1	0.9472
ASSFRDNITDTQY	ASSFRDITDTQY	1	0.8991
ASSWTGGNTGELF	ASSWTGNTGELF	1	0.8997
ASSLGRASTDTQY	ASSLGASTDTQY	1	0.9219
ASSSGQGLEQY	ASSSGGLEQY	1	0.9356
ASSSRDGPYNEQF	ASSSRDPYNEQF	1	0.8903
ASSPETGRETQY	ASSPEFTGRETQY	1	0.8933
SATTWTSGSSTDTQY	SATWTSGSSTDTQY	1	0.9568
ASSLEGQGGYGYT	ASSLGQGGYGYT	1	0.9205
ASRLTSYNEQF	ASRLSYNEQF	1	0.9277
ASSFGTAEQY	ASSFGAEQY	1	0.9338
ASNPPGLVSDTQY	ASNPPGVSDTQY	1	0.8999
ASSVSGETFYNEF	ASSVSGETFYNEQF	1	0.9498
ASSFSGGEQY	ASSFSGEQY	1	0.9427
ASSFSGGEQY	ASSFSGGGEQY	1	0.9481
ASSFSGGEQY	ASSFSGDGEQY	1	0.9203
ASSFSGGEQY	ASSFSGRGEQY	1	0.9172
ASSFSGGEQY	ASSFSGGDEQY	1	0.9418
SMGDYAEQ	SMGDIYAEQ	1	0.9154
ASSLAETYEQY	ASSLATYEQY	1	0.9329
ASSLAETYEQY	ASSLAGETYEQY	1	0.925
ASSVDGLGTGELF	ASSVGLGTGELF	1	0.9227
SVEVGAEAF	SVEGAEAF	1	0.9375
ASSLPETYEQY	ASSLTPETYEQY	1	0.9285
ASSLATGISYEQY	ASSLATGSYEQY	1	0.9121
ASSQDLQATYEQY	ASSQDQATYEQY	1	0.9142
SAEIPGLQQYEQF	SAEIPGLQQYNEQF	1	0.9157
ASRLRGRGIVNNEQV	ASRLRGRGIVNNEQ	1	0.9678
ASSLSGGQY	ASSLSGRGQY	1	0.9296
ASSLSGGQY	ASSLSGGEQY	1	0.9531
ASSEGQVSNQPQH	ASSEGQSNQPQH	1	0.9074
ASSEGQVSNQPQH	ASSEGQVNQPQH	1	0.909
ASSWSGSSYNEQF	ASSSGSSYNEQF	1	0.9287
SARPEGGAYNEQF	SARPEGGASYNEQF	1	0.8963
ASSLAVAETQY	ASSLVAETQY	1	0.9518
ASSVGGYEQY	ASSGGYEQY	1	0.9451
ASSVGGYEQY	ASSVGYEQY	1	0.9347
ASSVGGYEQY	ASSIVGGYEQY	1	0.9466
ASSVGGYEQY	ASSLVGGYEQY	1	0.9453
ASSVGGYEQY	ASSVFGGYEQY	1	0.9276
ASSVGGYEQY	ASSVTGGYEQY	1	0.9403
ASSVGGYEQY	ASSVGVGYEQY	1	0.9128
ASSVGGYEQY	ASSVGGDYEQY	1	0.9201
ASSVGGYEQY	ASSVGGSYEQY	1	0.9345
ASSVGGYEQY	ASSVGGTYEQY	1	0.9272
ASSYPGTYEQY	ASSPGTYEQY	1	0.9304
ASSYPGTYEQY	ASSYPGYEQY	1	0.9019
ASSYPGTYEQY	ASSYPGQTYEQY	1	0.892
ASSYPGTYEQY	ASSYPGTGYEQY	1	0.8921
ASSYPGTYEQY	ASSYPGTNYEQY	1	0.8959
ASGLDRGSYNEQF	ASGDRGSYNEQF	1	0.9166
ASRAASSYEQY	ASRAGASSYEQY	1	0.9412
ASSTGLAGTNEQF	ASTGLAGTNEQF	1	0.9699
ASSQGPGGSYNEQF	ASSQGPGSYNEQF	1	0.8918
ASPSGTGQETQY	ASCPSGTGQETQY	1	0.9352
ASSLAGTRVTGELFF	ASSLAGTRVTGELF	1	0.968
ASSQERGGGTDTQY	ASSQEGGGTDTQY	1	0.9282
ASSSRGASTDTQY	ASSSGASTDTQY	1	0.9536
ASSPYPNTEAF	ASSPYPVNTEAF	1	0.8925
ASSLAGAYSNQPQH	ASSLAGYSNQPQH	1	0.9072
ASSQGTSGSPYEQY	ASSQGTGSPYEQY	1	0.9075
ASSLLAEYEQY	ASSLGLAEYEQY	1	0.9257
ASSKGDSYEQY	ASSKPGDSYEQY	1	0.9223
ASSKGDSYEQY	ASSKGQDSYEQY	1	0.9208
ASSLWAGGRSYEQY	ASSLWAGRSYEQY	1	0.8852
ASSFPQGGNTEAF	ASSFQGGNTEAF	1	0.9045
ASSSSTLQETQY	ASSSSLQETQY	1	0.9679
ASSAPGAGNTIY	ASSPGAGNTIY	1	0.9593
ASSFSSEQY	ASSFSSYEQY	1	0.9403
ASSYGTGNQPQH	ASSGTGNQPQH	1	0.9342
ASSLGDNTEAF	ASSLDNTEAF	1	0.9291
ASSLGDNTEAF	ASSLGDRNTEAF	1	0.9127
ASSLGDNTEAF	ASSLGDSNTEAF	1	0.927
CASSLGGGAYEQYF	CASSLGGQGAYEQYF	1	0.8571
ASSFGGTGELF	ASSGGTGELF	1	0.94
ASSFGGTGELF	ASSFGGGTGELF	1	0.936
ASSFGGTGELF	ASSFYGGTGELF	1	0.929
ASSFGGTGELF	ASSFGWGTGELF	1	0.8769
ASSFGGTGELF	ASSFGGDTGELF	1	0.914
ASSFGGTGELF	ASSFGGPTGELF	1	0.9042
ASSSYTDTQY	ASSYTDTQY	1	0.9706
ASSSYTDTQY	ASSSTDTQY	1	0.9448
ASSDTDYEQY	ASSTDYEQY	1	0.9503
ASSDTDYEQY	ASSDDYEQY	1	0.9336
ASSDTDYEQY	ASSDTYEQY	1	0.9266
ASSDTDYEQY	ASSRDTDYEQY	1	0.9456
ASSLGGLGADTQY	ASSLGGGADTQY	1	0.9136
ASSLGGLGADTQY	ASSLGGLGDTQY	1	0.9185
ASNGLYNEQF	ASGLYNEQF	1	0.947
ASNGLYNEQF	ASNAGLYNEQF	1	0.932
ASNGLYNEQF	ASNPGLYNEQF	1	0.9133
ARDRTGNGYT	SARDRTGNGYT	1	0.967
ASSLLSMNTEAF	ASSLLSNTEAF	1	0.9343
ASSLAGSQETQY	ASSLAGQETQY	1	0.939
ASSLAGSQETQY	ASSGLAGSQETQY	1	0.9546
ASSLAGSQETQY	ASSLLAGSQETQY	1	0.9558
ASSLAGSQETQY	ASSLAAGSQETQY	1	0.9505
ASSLAGSQETQY	ASSLSAGSQETQY	1	0.9463
ASSLVSDSYEQY	ASSLVSSYEQY	1	0.9295
ASSYSSLNTEAF	ASSSSLNTEAF	1	0.9496
ASSYSSLNTEAF	ASSYSSNTEAF	1	0.9326
CTCSGDSAETLYF	CTCSGLDSAETLYF	1	0.8576
ASSLGQGLDEQF	ASSLGQGDEQF	1	0.9134
ASSIGTTYNEQF	ASSGTTYNEQF	1	0.9438
ASSIGTTYNEQF	ASSIGTYNEQF	1	0.9213
ASSIGTTYNEQF	ASSIGTGTYNEQF	1	0.8985
ASSIGTTYNEQF	ASSIGTTFYNEQF	1	0.9113
ASSLYAGSYNEQF	ASSLAGSYNEQF	1	0.9254
ASSLESGETQY	ASSLEGETQY	1	0.9351
ASSGTASSYEQY	ASRSGTASSYEQY	1	0.9581
ASSLQGNQPQH	ASSQGNQPQH	1	0.9411
ASSLQGNQPQH	ASSLGNQPQH	1	0.9255
ASSLQGNQPQH	ASSPLQGNQPQH	1	0.9359
ASSLQGNQPQH	ASSLRQGNQPQH	1	0.9231
ASSLQGNQPQH	ASSLQGVNQPQH	1	0.9003
SAGTSGSYEQY	SADGTSGSYEQY	1	0.9488
SAGTSGSYEQY	SAGTSGESYEQY	1	0.9203
ASSVTGTTEAF	ASSVTGTEAF	1	0.9519
ASSLLASSYEQY	ASSLLSSYEQY	1	0.9525
ASSRDSYEQY	ASRDSYEQY	1	0.967
ASSRDSYEQY	ASSDSYEQY	1	0.9479
ASSRDSYEQY	ASSRSYEQY	1	0.9341
ASSRDSYEQY	ASSDRDSYEQY	1	0.9497
ASSRDSYEQY	ASSHRDSYEQY	1	0.9396
ASSRDSYEQY	ASSIRDSYEQY	1	0.9429
ASSRDSYEQY	ASSLRDSYEQY	1	0.9438
ASSRDSYEQY	ASSRDHSYEQY	1	0.9145
ASSRDSYEQY	ASSRDNSYEQY	1	0.929
ASSLMADGELF	ASSLMAGELF	1	0.9278
CASRGLESAETLYF	CASRGESAETLYF	1	0.8946
ASSSQGPETQY	ASSSQGETQY	1	0.9249
ASSSQGPETQY	ASSSQGPQETQY	1	0.9284
ASSAGGAYEQF	ASSKAGGAYEQF	1	0.9558
ASSRTSGSTDTQY	ASSRTGSTDTQY	1	0.942
ASSRTSGSTDTQY	ASSPRTSGSTDTQY	1	0.9468
ASGTSGRNEQF	AWSGTSGRNEQF	1	0.9446
ASSPIGGNTEAF	ASSPGGNTEAF	1	0.9205
ASSFDYEQY	ASSFGDYEQY	1	0.9131
ASSFDYEQY	ASSFDSYEQY	1	0.9243
ASSSTGAYTDTQY	ASSSGAYTDTQY	1	0.96
ASSDRIYEQY	ASSDRTIYEQY	1	0.9231
ASSQIAGGPYEQY	ASSIAGGPYEQY	1	0.9453
SIGRDEQ	SIGDEQ	1	0.9272
ASSLDTPDTQY	ASSLDPDTQY	1	0.9143
ASSLDTPDTQY	ASSLDTDTQY	1	0.9139
ASSLFASYNEQF	ASSLFAYNEQF	1	0.9224
ASSYDSSYEQY	ASSDSSYEQY	1	0.9453
ASSYDSSYEQY	ASSYSDSSYEQY	1	0.9391
CASSQDSAETLYF	CASSFQDSAETLYF	1	0.8877
CASSDWGVQDTQY	CASSDWGQDTQY	1	0.8729
ASSQPLAGDYEQY	ASSQLAGDYEQY	1	0.9151
SATSGVYNEQF	SARTSGVYNEQF	1	0.9472
SATSGVYNEQF	SATSGRVYNEQF	1	0.9112
ASSLGRTEAF	ASSLRTEAF	1	0.9302
ASSLGRTEAF	ASSLGTEAF	1	0.9286
ASSLGRTEAF	ASSLGRNTEAF	1	0.9259
ASSSLGGQY	ASSSLGGGQY	1	0.9573
ASSQGSYGYT	ASSQGYGYT	1	0.928
ASSQGSYGYT	ASSLQGSYGYT	1	0.9437
ASSQGSYGYT	ASSQQGSYGYT	1	0.9534
ASSLGTGVYEQY	ASSLTGVYEQY	1	0.9219
ASSLGTGVYEQY	ASSLGTVYEQY	1	0.9091
ASSLGTGVYEQY	ASSLGTGYEQY	1	0.914
ASSLGTGVYEQY	ASSLGTGVVYEQY	1	0.9204
ASSELTENYGYT	ASSLTENYGYT	1	0.9502
ASSVLMNTEAF	ASSVGLMNTEAF	1	0.9296
ASSYGTGWGTEAF	ASSYGTGWTEAF	1	0.892
ASSQDREYEQY	ASSQDRYEQY	1	0.9234
ASSLTGSYEQY	ASLTGSYEQY	1	0.9686
ASSLTGSYEQY	ASSLTGYEQY	1	0.928
ASSLTGSYEQY	ASSLATGSYEQY	1	0.9391
ASSLTGSYEQY	ASSLFTGSYEQY	1	0.9316
ASSLTGSYEQY	ASSLGTGSYEQY	1	0.926
ASSLTGSYEQY	ASSLWTGSYEQY	1	0.9061
ASSLTGSYEQY	ASSLTGGSYEQY	1	0.9305
ASSLTGSYEQY	ASSLTRGSYEQY	1	0.9198
ASSLTGSYEQY	ASSLTGESYEQY	1	0.9193
ASSLTGSYEQY	ASSLTGPSYEQY	1	0.9055
ASSLTGSYEQY	ASSLTGQSYEQY	1	0.9188
ASSLTGSYEQY	ASSLTGSPYEQY	1	0.9092
ASSLRDGNQETQY	ASSLRGNQETQY	1	0.91
ASSGQGFNQPQH	ASSQGFNQPQH	1	0.9413
ASSGGGYT	ASSLGGGYT	1	0.9471
ASSGGGYT	ASSPGGGYT	1	0.942
ASSGGGYT	ASSTGGGYT	1	0.9614
ASSLYSGNTIY	ASSLYGNTIY	1	0.9278
ASSLGAEQF	ASSGAEQF	1	0.947
ASSLGAEQF	ASSLAGAEQF	1	0.9498
ASSLGAEQF	ASSLGGAEQF	1	0.9462
ASSLGAEQF	ASSLTGAEQF	1	0.9436
ASSPEESSYNEQF	ASSPESSYNEQF	1	0.9377
ASSSTGTRGSYEQY	ASSSTGTGSYEQY	1	0.9115
ASSLTGQPNQPQH	ASSLGQPNQPQH	1	0.9193
ASSQASGGYTGELF	ASSQSGGYTGELF	1	0.9371
ASSQSGLAGGTDTQY	ASSSGLAGGTDTQY	1	0.9529
ASSLGPDNEQF	ASSLGDNEQF	1	0.9079
ASRSGALEAF	ASRSGAEAF	1	0.9398
ASSLGGGQPQH	ASSLAGGGQPQH	1	0.9426
ASSLGGGQPQH	ASSLGQGGQPQH	1	0.9125
ASSLGGGQPQH	ASSLGGRGQPQH	1	0.9086
ASSQDPGYGYT	ASSQDPGFYGYT	1	0.8892
ASSLVLASYEQY	ASSLVLSYEQY	1	0.942
ASSFPGELF	ASSFFPGELF	1	0.935
ASSFPGELF	ASSFAPGELF	1	0.9218
ASSFPGELF	ASSFGPGELF	1	0.9109
ASSFPGELF	ASSFLPGELF	1	0.9242
ASSFPGELF	ASSFSPGELF	1	0.9227
ASSIGLGLAGYNEQF	ASSIGLGLAGNEQF	1	0.8998
ASSLELADYNEQF	ASSLLADYNEQF	1	0.923
ASSLELADYNEQF	ASSLELALDYNEQF	1	0.891
ASRPRGTTDTQY	ASRRGTTDTQY	1	0.9215
ASSQGAVGVSYEQY	ASSQGAGVSYEQY	1	0.913
ASSFRLAGGTDTQY	ASSRLAGGTDTQY	1	0.9379
ASSFRLAGGTDTQY	ASSFLAGGTDTQY	1	0.916
SVDRGHVFNGYT	SVDDRGHVFNGYT	1	0.9259
SVDRGHVFNGYT	SVGDRGHVFNGYT	1	0.9246
ASSPRSDGELFF	ASSPRSDGELF	1	0.9637
ASSLSGKYEQY	ASSLGSGKYEQY	1	0.9273
SASSSATYEQY	SASSSTYEQY	1	0.9644
ASSLWGSGQPQH	ASSWGSGQPQH	1	0.9298
ASSLGQGAVQPQH	ASSLGQGAQPQH	1	0.9071
ASGGSTDTQY	ASSGGSTDTQY	1	0.972
ASGGSTDTQY	ASGGTSTDTQY	1	0.9519
ASSLVAYEQY	ASSLVYEQY	1	0.9432
ASSLVAYEQY	ASSLVAEQY	1	0.9397
ASSLVAYEQY	ASSLVATYEQY	1	0.9387
CASSPGQTYEQYF	CASSPGTYEQYF	1	0.8785
ASSEGPAGGPREQF	ASEGPAGGPREQF	1	0.9636
ASSGLEETQY	ASSGEETQY	1	0.938
ASSLGQGIINEQF	ASSLGQGINEQF	1	0.9152
ASSPSVETQY	ASSPSETQY	1	0.9349
ASSPSVETQY	ASSPPSVETQY	1	0.9482
ASSPSVETQY	ASSPSCVETQY	1	0.9144
ASSPPGGGNTEAF	ASSPGGGNTEAF	1	0.9438
ASSSGTGLNTEAF	ASSSGTLNTEAF	1	0.9211
AISSLTYNEQF	ASSLTYNEQF	1	0.9629
ASSSGVGQSYEQY	ASSSGVGSYEQY	1	0.9166
ASSLGTASTDTQY	ASSLGASTDTQY	1	0.9329
ASSLGTASTDTQY	ASSLGTGASTDTQY	1	0.9202
ASSLSQGNQPQH	ASSLSGNQPQH	1	0.9211
ASSQMNTEAF	ASSGQMNTEAF	1	0.9483
ASSQMNTEAF	ASSQAMNTEAF	1	0.9429
ASSQMNTEAF	ASSQWMNTEAF	1	0.9063
ASSLAWVAGEQY	ASSLAWVAGYEQY	1	0.9155
CASSQDWGSYEQYF	CASSQDWGWSYEQYF	1	0.7893
ASSLWRNTEAF	ASSLWNTEAF	1	0.903
ASSLWRNTEAF	ASSLWRTNTEAF	1	0.9038
ASSLGKNEQF	ASSLGNEQF	1	0.932
GASSPTSGSIYEQY	ASSPTSGSIYEQY	1	0.9711
GASSPTSGSIYEQY	GSSPTSGSIYEQY	1	0.9645
ASSELDGSYEQY	ASSLDGSYEQY	1	0.9501
CASSLGTDYAEQFF	CASSLGDYAEQFF	1	0.8788
ASWTASYEQY	ASSWTASYEQY	1	0.9635
ASWTASYEQY	ASRWTASYEQY	1	0.9403
ASSQDHNEQF	ASSQDNEQF	1	0.9283
ASSQDHNEQF	ASSQDPHNEQF	1	0.9069
ASSYSGTIYEQY	ASSSGTIYEQY	1	0.9411
AQALYNEQF	AAQALYNEQF	1	0.969
ASSLTGDTDTQY	ASSLTGTDTQY	1	0.9197
ASSQLAGASNEQF	ASSKQLAGASNEQF	1	0.9582
ASSADQETQY	ASSKADQETQY	1	0.9585
ASSADQETQY	ASSADLQETQY	1	0.9314
ASSLLTNEQF	ASSLTNEQF	1	0.9556
ASSLLTNEQF	ASSLLNEQF	1	0.9488
ASSLLTNEQF	ASSLLGTNEQF	1	0.9333
ASSFVLSNQPQH	ASSFVLSVNQPQH	1	0.9085
ASSPGQGETQY	ASSGQGETQY	1	0.9403
ASSPGQGETQY	ASSPQGETQY	1	0.9209
ASSPGQGETQY	ASSPGQETQY	1	0.9147
ASSPGQGETQY	ASSPEGQGETQY	1	0.9217
ASSPGQGETQY	ASSPGQGTETQY	1	0.9144
ASSLQGSGANVLT	ASSQGSGANVLT	1	0.9504
ASSLQGSGANVLT	ASSLGSGANVLT	1	0.9354
ASSEPGGIEAF	ASSPGGIEAF	1	0.947
ASSYGPNNEQF	ASSYPNNEQF	1	0.9115
ASSYGPNNEQF	ASSYGPNEQF	1	0.9263
ASSYGPNNEQF	ASSYGGPNNEQF	1	0.9162
ASSRGDAYEQY	ASSRGDPAYEQY	1	0.896
ASRGMYGYT	ASRGYGYT	1	0.9061
ASSTAGGNEQF	ASSLTAGGNEQF	1	0.95
ASSFSNYGYT	ASSFNYGYT	1	0.9256
ASSSGVGDSYEQY	ASSSGVGSYEQY	1	0.9134
ASSLKGNNQPQH	ASSLGNNQPQH	1	0.9282
SLGQSTDTQY	ASLGQSTDTQY	1	0.9715
ASSQARNTEAF	ASSQANTEAF	1	0.9361
ASSQARNTEAF	ASSQAARNTEAF	1	0.9499
ASSFGTGVAYEQY	ASSFGTGAYEQY	1	0.9036
ASSTRDGYNEQF	ASSRDGYNEQF	1	0.9518
ASSLGGQRTEAF	ASSLGGQTEAF	1	0.9284
ASSQGQLNQPQH	ASSQEGQLNQPQH	1	0.937
ASSIGQGVNTEAF	ASSGQGVNTEAF	1	0.9445
SARDRRGNTIY	SARDRRNTIY	1	0.9217
SARDRRGNTIY	SARDRRIGNTIY	1	0.9074
ASSQQGDTEAF	ASSQGDTEAF	1	0.9555
ASSTRDSGNTEAF	ASSRDSGNTEAF	1	0.9597
ASSLSLRTYEQY	ASSLSRTYEQY	1	0.9232
ASRNSGAYNEQF	ASRSGAYNEQF	1	0.9351
ASSQDGESSYNEQF	ASSQDGSESSYNEQF	1	0.9144
ASTSGWEQY	ASTLSGWEQY	1	0.9322
ASSLALSYEQY	ASSLALDSYEQY	1	0.9221
ASSRGLAGGYNEQF	ASSGLAGGYNEQF	1	0.9429
ASSLMGEEQY	ASSLMGEDEQY	1	0.9401
ASSLMGEEQY	ASSLMGEETQY	1	0.9472
ASSLLGLAGGGEQF	ASSPLLGLAGGGEQF	1	0.9434
ASSIVGGDTQY	ASSVGGDTQY	1	0.9492
ASRAFSYEQY	ASRASYEQY	1	0.9213
ASSSHYEQY	ASSSYEQY	1	0.9468
ASSSHYEQY	ASSSYHYEQY	1	0.9463
ASSLSSGTEAF	ASSSSGTEAF	1	0.9558
ASSLSNSNQPQH	ASSLSSNQPQH	1	0.9336
GSRTAGNSDTQY	SRTAGNSDTQY	1	0.9699
ASRQGGNQPQH	ASRQGGSNQPQH	1	0.9222
ASSSRSSDTQY	ASSSRSGSDTQY	1	0.9408
ASSSRSSDTQY	ASSSRSSTDTQY	1	0.9561
CASREGEYYGYTF	GCASREGEYYGYTF	1	0.8879
SVVAGANNEQSF	SVVAGANNEQF	1	0.9614
ASSSGVGDGYT	ASSSGGDGYT	1	0.93
ASSRLAGGYNEQF	ASSLAGGYNEQF	1	0.9447
ASSRLAGGYNEQF	ASSQRLAGGYNEQF	1	0.947
ASSLGQGASEQY	ASSLGQASEQY	1	0.9326
ASSLGQGASEQY	ASSLGQGAEQY	1	0.9455
ASSQVTGSYEQY	ASSQTGSYEQY	1	0.9353
ASSPRTSGIETQY	ASSPRTSGGIETQY	1	0.9093
ASSVGGVNYNEQF	ASSVGGVYNEQF	1	0.9019
ASRRTSGSSNEQF	ASRRTSGSNEQF	1	0.9463
ASSLAGGLNTEAF	ASSLAGGNTEAF	1	0.9216
ASSSRTGGTDTQY	ASSSRTGSGTDTQY	1	0.9189
ASSWGGAYEQY	ASSWGAYEQY	1	0.9132
ASSWGGAYEQY	ASSWGLGAYEQY	1	0.8827
ASSWGGAYEQY	ASSWGQGAYEQY	1	0.8872
ASSWGGAYEQY	ASSWGTGAYEQY	1	0.8907
ASSFSSGELF	ASSSSGELF	1	0.9468
ASSFSSGELF	ASSFSLSGELF	1	0.93
ASSDGTGGYEQY	ASSGTGGYEQY	1	0.9462
ASSDGTGGYEQY	ASSPDGTGGYEQY	1	0.9346
ASSPGTHNEQF	ASSPGTNEQF	1	0.9118
ASSPYNNEQF	ASSPNNEQF	1	0.9215
ASSASEYEQY	ASSASYEQY	1	0.9505
ASSASEYEQY	ASSASESYEQY	1	0.9487
ASSQDPDPSYEQY	ASSQDPDSYEQY	1	0.8892
ASSIGSFGYT	ASSIGFGYT	1	0.9239
ASSLLGQPQH	ASSLGQPQH	1	0.9463
ASSLLGQPQH	ASSLLDGQPQH	1	0.9221
ASSLLGQPQH	ASSLLGNQPQH	1	0.9215
ASSLLGQPQH	ASSLLGVQPQH	1	0.9197
SVGQALYFEQF	SVGQALYEQF	1	0.924
ASSLGTSPLH	ASSLSGTSPLH	1	0.9404
ASSRGGGETQY	ASSGGGETQY	1	0.9502
ASSPRDSSSYEQY	ASSPRDSSYEQY	1	0.9325
AGPGTSATDTQY	ASGPGTSATDTQY	1	0.9666
ASSGTENTEAF	ASSAGTENTEAF	1	0.9631
SVNGVSGSSYNEQF	SVNGVSGGSSYNEQF	1	0.9104
ASSFAGTIPYNEQF	ASSAGTIPYNEQF	1	0.9307
ASSLRTDSYEQY	ASSLTDSYEQY	1	0.9289
ASSLRTDSYEQY	ASSLRDSYEQY	1	0.9198
ASSLRTDSYEQY	ASSLRTDRSYEQY	1	0.9063
ASRLADTQY	ASRLEADTQY	1	0.9279
ASRLADTQY	ASRLGADTQY	1	0.9229
ASSLGTESNQPQH	ASSLTESNQPQH	1	0.9238
ASSLGTESNQPQH	ASSLGESNQPQH	1	0.9135
ASSYVGNEQF	ASSYGNEQF	1	0.9268
ASSYVGNEQF	ASSYVNEQF	1	0.924
ASSYVGNEQF	ASSYGVGNEQF	1	0.9165
ASSYVGNEQF	ASSYVRGNEQF	1	0.9142
ASSYVGNEQF	ASSYVGYNEQF	1	0.9085
ASSLLSTDTQY	ASSLVLSTDTQY	1	0.9525
ASSLLSTDTQY	ASSLLYSTDTQY	1	0.9379
ASSLRSGDYEQY	ASSLSGDYEQY	1	0.9246
ASSLAGPSSYNEQF	ASSLAPSSYNEQF	1	0.9167
ASSLAGPSSYNEQF	ASSLIAGPSSYNEQF	1	0.9358
ASSQGAGNSPLH	ASSQGGNSPLH	1	0.9266
ASSQGAGNSPLH	ASSQGAGPNSPLH	1	0.9016
ASSQDQGITEAF	ASSQDQGTEAF	1	0.9236
ASSFPVSSYEQY	ASSFVSSYEQY	1	0.9182
ASSSYQETQY	ASSSQETQY	1	0.947
ASSSYQETQY	ASSSSYQETQY	1	0.9747
ASSSYQETQY	ASSSGYQETQY	1	0.9481
ASSPDIGWGGEQ	ASSPDIGWGGEQF	1	0.9559
ASSPDIGWGGEQ	ASSPDIGWGGEQY	1	0.9552
ASSGTSGGYNEQF	ASSGTSGGNEQF	1	0.9193
ASSLSQGDTEAF	ASSLSQGRDTEAF	1	0.9091
ASSLETQY	ASSETQY	1	0.9479
ASSLETQY	ASSSLETQY	1	0.9722
ASSLETQY	ASSFLETQY	1	0.9436
ASSLETQY	ASSLAETQY	1	0.9487
ASSLETQY	ASSLIETQY	1	0.9488
ASSLETQY	ASSLKETQY	1	0.9459
ASSLETQY	ASSLQETQY	1	0.9468
ASSLETQY	ASSLSETQY	1	0.95
ASSLETQY	ASSLVETQY	1	0.9498
ASSLETQY	ASSLEGTQY	1	0.9334
AAPTGKSDTEAF	APTGKSDTEAF	1	0.9699
ASSLGTGVSYEQY	ASSLGTVSYEQY	1	0.9046
ASSLGTGVSYEQY	ASSLGTGSYEQY	1	0.9066
ASSDSSETQY	ASSSSETQY	1	0.9608
ASSLVGLSSYNEQF	ASSLGLSSYNEQF	1	0.9397
ATSDRTGLAGEADGELF	ATSDRTGLAGEADGELFF	1	0.9641
ASSLTGTSTDTQY	ASSPLTGTSTDTQY	1	0.9476
ASSLTGTSTDTQY	ASSLTGTPSTDTQY	1	0.9079
ASGRGDTQY	ASGGDTQY	1	0.9257
ASSVSSTGELF	ASSVSTGELF	1	0.9569
ASSQTDSNQPQH	ASSQETDSNQPQH	1	0.9445
ASSQTDSNQPQH	ASSQTADSNQPQH	1	0.9289
ASSGRDAAYEQY	ASSGRAAYEQY	1	0.9212
ASSLSPNYGYT	ASSLSNYGYT	1	0.9075
ASSPWAGADTQY	ASSPWGADTQY	1	0.8865
ATSRDLGQNTEAF	ATSRDLGQANTEAF	1	0.8992
ASSLTSGSSYEQY	ASSLGTSGSSYEQY	1	0.9339
ASSLTSGSSYEQY	ASSLVTSGSSYEQY	1	0.9498
ASSGGSGELF	ASSNGGSGELF	1	0.9574
ASSGGSGELF	ASSPGGSGELF	1	0.9445
ASSGGSGELF	ASSYGGSGELF	1	0.9426
CASSFRGDYAEQFF	CASSFRGDAEQFF	1	0.8756
CASSFEGTEAFF	CASSFETEAFF	1	0.8969
ASSPGTSLNEQF	ASSPGTSNEQF	1	0.9193
ASSAFLDNEF	ASSAFLDNEQF	1	0.9524
SARDRGNTIY	SARDRNTIY	1	0.9184
SARDRGNTIY	SARDRAGNTIY	1	0.9193
SARDRGNTIY	SARDRCGNTIY	1	0.8856
SARDRGNTIY	SARDRDGNTIY	1	0.9098
SARDRGNTIY	SARDRGGNTIY	1	0.924
SARDRGNTIY	SARDRIGNTIY	1	0.905
ASSLSAPHEETQY	ASSLSAPHETQY	1	0.9315
ASSPPGAPNYGYT	ASSPPGANYGYT	1	0.8861
ASSLSDRVTGELF	ASSLDRVTGELF	1	0.9309
ASSLAGRNTEAF	ASSLGRNTEAF	1	0.9369
ASSLAGRNTEAF	ASSLFAGRNTEAF	1	0.9305
ASSLAGRNTEAF	ASSLAVGRNTEAF	1	0.9253
ASSLTGNEQF	ASSLGNEQF	1	0.9389
ASSLTGNEQF	ASSLTNEQF	1	0.933
ASSLTGNEQF	ASSLTLGNEQF	1	0.9297
ASSLTGNEQF	ASSLTWGNEQF	1	0.8971
ASSLTGNEQF	ASSLTGFNEQF	1	0.9147
ASSLTGNEQF	ASSLTGPNEQF	1	0.913
ASSLTGNEQF	ASSLTGSNEQF	1	0.939
ASSLTGNEQF	ASSLTGTNEQF	1	0.9334
ASSLTGNEQF	ASSLTGVNEQF	1	0.9244
ASSPGGLATDTQY	ASSPGLATDTQY	1	0.9236
ASSPGGLATDTQY	ASSPGGLTDTQY	1	0.9152
ASSPFGNNEQF	ASSFGNNEQF	1	0.9334
ASSPFGNNEQF	ASSPFGNEQF	1	0.9284
CASSLDRGEQYF	CASSDRGEQYF	1	0.9102
ASSQALTGNYEQY	ASSQATGNYEQY	1	0.9191
ASSPASGNTIY	ASSPSGNTIY	1	0.9411
ASSPASGNTIY	ASSPAGNTIY	1	0.9391
ASSLPSHDTQY	ASSLPSDTQY	1	0.9116
ASSVRAGETQY	ASSSVRAGETQY	1	0.9723
ASSLGQGLYEQY	ASSLGQGYEQY	1	0.9109
ASSLGQGLYEQY	ASSLGQGLAYEQY	1	0.9101
ASSLGQGLYEQY	ASSLGQGLDYEQY	1	0.8949
ASSLGQGLYEQY	ASSLGQGLGYEQY	1	0.9005
ASSLGQGLYEQY	ASSLGQGLSYEQY	1	0.9093
ASSLLGQETQY	ASSLLQETQY	1	0.9342
ASSLLGQETQY	ASSLLGGQETQY	1	0.9377
ASAGTGSYEQY	ASSAGTGSYEQY	1	0.9707
ASSWGLAGDNEQF	ASSWLAGDNEQF	1	0.8916
ASSWGLAGDNEQF	ASSWGGLAGDNEQF	1	0.8947
ASSKQGALTEAF	ASSKQGATEAF	1	0.9352
ASSQTSGYEQY	ASSQETSGYEQY	1	0.9462
ASSLAGSEAF	ASSLGSEAF	1	0.9513
ASSPVAGGAYNEQ	ASSPVAGGAYNEQF	1	0.9648
ASSQLPLNEQF	ASQLPLNEQF	1	0.9651
ASSRVQGEKLF	ASSRQGEKLF	1	0.9315
ASTPGTSSGNTIY	ASTPGSSGNTIY	1	0.9275
ASSFHPSYEQY	ASSHPSYEQY	1	0.9289
ASSLPLTSGYNEQF	ASSPLTSGYNEQF	1	0.9396
ASQDGYNEQF	ASQGYNEQF	1	0.9269
ASQDGYNEQF	ASSQDGYNEQF	1	0.9639
ASRGPGELF	ASGPGELF	1	0.9381
ASRGPGELF	ASRPGELF	1	0.9187
ASRGPGELF	ASRGGELF	1	0.908
ASSRGTQY	ASSRGDTQY	1	0.9321
ASSRGTQY	ASSRGETQY	1	0.9361
ASSLYDEQF	ASSLGYDEQF	1	0.919
ASSLYDEQF	ASSLIYDEQF	1	0.9411
ASSLYDEQF	ASSLVYDEQF	1	0.9405
ASSLTEYSNQPQH	ASSLEYSNQPQH	1	0.9272
ASSLTEYSNQPQH	ASSLTESNQPQH	1	0.9039
ASSLGYYEQY	ASSLGYEQY	1	0.932
ASSLGYYEQY	ASSLEGYYEQY	1	0.9253
ASSLGYYEQY	ASSLTGYYEQY	1	0.9319
ASSLGYYEQY	ASSLVGYYEQY	1	0.9375
ASSLGYYEQY	ASSLGSYYEQY	1	0.9292
AWSVGQSYEQY	AWSVGSYEQY	1	0.9034
ASSLGNTEAF	ASSGNTEAF	1	0.9455
ASSLGNTEAF	ASSLNTEAF	1	0.9339
ASSLGNTEAF	ASSLGTEAF	1	0.9337
ASSLGNTEAF	ASSLGNTEA	1	0.9666
ASSLGNTEAF	ASSALGNTEAF	1	0.9616
ASSLGNTEAF	ASSLLGNTEAF	1	0.9513
ASSLGNTEAF	ASSPLGNTEAF	1	0.9396
ASSLGNTEAF	ASSWLGNTEAF	1	0.9205
ASSLGNTEAF	ASSLEGNTEAF	1	0.9326
ASSLGNTEAF	ASSLFGNTEAF	1	0.9324
ASSLGNTEAF	ASSLGGNTEAF	1	0.9388
ASSLGNTEAF	ASSLIGNTEAF	1	0.9431
ASSLGNTEAF	ASSLKGNTEAF	1	0.9351
ASSLGNTEAF	ASSLMGNTEAF	1	0.9413
ASSLGNTEAF	ASSLNGNTEAF	1	0.9325
ASSLGNTEAF	ASSLPGNTEAF	1	0.9205
ASSLGNTEAF	ASSLQGNTEAF	1	0.9329
ASSLGNTEAF	ASSLRGNTEAF	1	0.9302
ASSLGNTEAF	ASSLVGNTEAF	1	0.9432
ASSLGNTEAF	ASSLYGNTEAF	1	0.9265
ASSLGNTEAF	ASSLGHNTEAF	1	0.9157
ASSLGNTEAF	ASSLGINTEAF	1	0.9197
ASSLGNTEAF	ASSLGMNTEAF	1	0.9187
ASSLGNTEAF	ASSLGPNTEAF	1	0.9113
ASSLGNTEAF	ASSLGRNTEAF	1	0.9218
ASSLGNTEAF	ASSLGSNTEAF	1	0.9373
ASSLGNTEAF	ASSLGWNTEAF	1	0.8928
ASSLTSGSPLH	ASSLSGSPLH	1	0.9445
ASSLTSGSPLH	ASSLTGSGSPLH	1	0.9295
ASSLSGSGEQY	ASSLGSGEQY	1	0.9449
ASSLSGSGEQY	ASSLSGGEQY	1	0.9402
ASRQLGSGETQY	ASRQLAGSGETQY	1	0.9202
ASRQLGSGETQY	ASRQLIGSGETQY	1	0.9187
ASRQLGSGETQY	ASRQLTGSGETQY	1	0.916
ASSKYNELF	ASSKYNEF	1	0.9556
ASSLNGGTYEQY	ASSLGGTYEQY	1	0.925
ASSLGPNYEQY	ASSPLGPNYEQY	1	0.9305
ASSYLGGNTEAF	ASSLGGNTEAF	1	0.9401
ASSYLGGNTEAF	ASSYLGGMNTEAF	1	0.9055
ASSLSRAAYEQY	ASSSRAAYEQY	1	0.9518
ASSIQGNTEAF	ASSQGNTEAF	1	0.945
ASSIQGNTEAF	ASSIGNTEAF	1	0.931
ASSIQGNTEAF	ASSIQIGNTEAF	1	0.9162
SASRGLYEQY	SASRGYEQY	1	0.9179
ASSKEGRGSYNEQF	ASSEGRGSYNEQF	1	0.9495
ASSFTVNTEAF	ASSFVNTEAF	1	0.9349
ASSFGQGYGYT	ASSFGQGGYT	1	0.9046
ASSFGQGYGYT	ASSFGQVGYGYT	1	0.8907
ASSFGQGYGYT	ASSFGQGSYGYT	1	0.8977
ASSFSLGSYEQY	ASSFSGSYEQY	1	0.9157
ASSLAGGNNEQF	ASSLGGNNEQF	1	0.9467
ASSLAGGNNEQF	ASSLAGNNEQF	1	0.9437
ASSLAGGNNEQF	ASSLLAGGNNEQF	1	0.9538
ASSLAGGNNEQF	ASSQLAGGNNEQF	1	0.9534
ASSLAGGNNEQF	ASSRLAGGNNEQF	1	0.9498
ASSLAGGNNEQF	ASSYLAGGNNEQF	1	0.9426
ASSLAGGNNEQF	ASSLAAGGNNEQF	1	0.9517
ASSPTGTAYGYT	ASSPTGAYGYT	1	0.907
ASSPTGTAYGYT	ASSQPTGTAYGYT	1	0.9461
ASSFGPNNEQF	ASSFPNNEQF	1	0.9122
ASSFGPNNEQF	ASSFGNNEQF	1	0.9091
ASSWVGVSYEQY	ASSWGVSYEQY	1	0.8991
ASSLDSTGYT	ASSLDSTYGYT	1	0.9238
ACQPGPGYEQF	ACQPGPGYNEQF	1	0.9007
ASSYRGNTEAF	ASSYRNTEAF	1	0.9164
ASSYRGNTEAF	ASSLYRGNTEAF	1	0.9401
ASSYRGNTEAF	ASSQYRGNTEAF	1	0.946
ASSYRGNTEAF	ASSYRGGNTEAF	1	0.9206
ASSYRGNTEAF	ASSYRTGNTEAF	1	0.9146
ASSLERYEQY	ASSLEDRYEQY	1	0.9222
ASSLERYEQY	ASSLERSYEQY	1	0.9281
ASSLSPVNEQF	ASSLSPNEQF	1	0.9217
ASSLSPSGSYNEQF	ASSLSPSSYNEQF	1	0.9012
ASSLSYEQY	ASLSYEQY	1	0.9679
ASSLSYEQY	ASSSYEQY	1	0.9479
ASSLSYEQY	ASSELSYEQY	1	0.9547
ASSLSYEQY	ASSVLSYEQY	1	0.9546
ASSLSYEQY	ASSWLSYEQY	1	0.9242
ASSLSYEQY	ASSLDSYEQY	1	0.9312
ASSLSYEQY	ASSLFSYEQY	1	0.9378
ASSLSYEQY	ASSLQSYEQY	1	0.9391
ASSLSYEQY	ASSLRSYEQY	1	0.9352
ASSLSYEQY	ASSLSSYEQY	1	0.9504
ASSLSYEQY	ASSLSIYEQY	1	0.934
ASSLSYEQY	ASSLSPYEQY	1	0.921
ASSLSYEQY	ASSLSTYEQY	1	0.9407
ASSLSYEQY	ASSLSYYEQY	1	0.9427
ASSILNTEAF	ASILNTEAF	1	0.9693
ASSILNTEAF	ASSLNTEAF	1	0.9522
ASSILNTEAF	ASSIALNTEAF	1	0.9433
ASSILNTEAF	ASSIKLNTEAF	1	0.9359
CASSLKSGAYEQYF	CASSLSGAYEQYF	1	0.9052
ASSWSSYEQY	ASSSSYEQY	1	0.9293
ASSWSSYEQY	ASSWSYEQY	1	0.9287
ASSWSSYEQY	ASSWGSSYEQY	1	0.917
ASSWSSYEQY	ASSWTSSYEQY	1	0.9278
ASSFTGSFTDTQY	ASSFTGSTDTQY	1	0.9059
ASSYGLSGANVLT	ASSGLSGANVLT	1	0.9435
ASSLGGGLETQY	ASSLGRGGLETQY	1	0.9079
ASSLGGGLETQY	ASSLGTGGLETQY	1	0.9171
ASSYGNGYEQY	ASSYGGYEQY	1	0.9063
ASSYGNGYEQY	ASSYGNYEQY	1	0.9068
ARSYIGVGYT	ASYIGVGYT	1	0.9528
ASSIGFYGYT	ASSIGYGYT	1	0.9136
ASSIGFYGYT	ASSIGFGYT	1	0.9157
ASSLVVRGTEAF	ASSLVVGTEAF	1	0.9337
ASRSLGPNTEAF	ASSLGPNTEAF	1	0.9471
ASSLVDSSYEQY	ASSLVSSYEQY	1	0.9337
SARDLHSYEQY	SARDLHGSYEQY	1	0.8896
ASSEGQMNTEAF	ASSGQMNTEAF	1	0.9513
ASSEGQMNTEAF	ASSQEGQMNTEAF	1	0.9518
ASSFNHEQY	ASSFHEQY	1	0.9262
ASSFNHEQY	ASSFGNHEQY	1	0.9185
ASSYSASRYEQY	ASSYSASYEQY	1	0.9314
ASSQVGLGTGELF	ASSVGLGTGELF	1	0.9517
ASSSRTSYEQY	ASSSRTYEQY	1	0.9451
ASSSRTSYEQY	ASSSRTDSYEQY	1	0.9298
ASSFLLGGAQPH	ASSFLLGGAQH	1	0.948
ASSFFGTEETQY	ASSFFGEETQY	1	0.9257
ASSPTSVTYNEQF	ASSPKTSVTYNEQF	1	0.9265
ASSLSWTGGNTEAF	ASSLSTGGNTEAF	1	0.8948
ASSDSGEAGANVLT	ASSDSGEGANVLT	1	0.9211
CASSLQGDEQYF	CASSQGDEQYF	1	0.914
CASSLQGDEQYF	CASSLGDEQYF	1	0.9015
ASSPTGETQY	ASSPGETQY	1	0.9309
ASSPTGETQY	ASSPGTGETQY	1	0.9235
ASSPTGETQY	ASSPTRGETQY	1	0.9166
ASSGDRGGYEQY	ASSGDRGYEQY	1	0.9109
ASSLPRPGGSYNEQF	ASSLPPGGSYNEQF	1	0.871
ASSPWDSTYEQY	ASSPDSTYEQY	1	0.8855
ASSLDRAVTEAF	ASSLDRATEAF	1	0.9333
ASSLGTSVSNEQF	ASSLGTSSNEQF	1	0.93
ASSLFGGGGYNEQF	ASSLGGGGYNEQF	1	0.9289
ASSLRLAASYEQY	ASSLLAASYEQY	1	0.9383
ASSGNQPQH	ASSLGNQPQH	1	0.9389
ASSGNQPQH	ASSMGNQPQH	1	0.9391
ASSGNQPQH	ASSQGNQPQH	1	0.9493
ASSGNQPQH	ASSTGNQPQH	1	0.9551
ASSSTYNEQF	ASSTYNEQF	1	0.971
ASSSTYNEQF	ASSLSTYNEQF	1	0.9482
ASSSTYNEQF	ASSSGTYNEQF	1	0.9479
ASSSTYNEQF	ASSSLTYNEQF	1	0.9466
ASSSTYNEQF	ASSSVTYNEQF	1	0.9513
ASSSTYNEQF	ASSSTKYNEQF	1	0.9459
ASSSTYNEQF	ASSSTSYNEQF	1	0.9579
SAMTGYGYT	SAMTYGYT	1	0.9179
ASRGAGELF	ASRGGELF	1	0.9343
ASRGAGELF	ASHRGAGELF	1	0.9404
SVGGTRSGTSGAYSYNEQF	SVGGTSGTSGAYSYNEQF	1	0.8864
SVGGTRSGTSGAYSYNEQF	SVGPGTRSGTSGAYSYNEQF	1	0.8946
ASSLGAGEQF	ASSLGGEQF	1	0.9372
ASSLGAGEQF	ASSLAGAGEQF	1	0.9471
ASSLGAGEQF	ASSLRGAGEQF	1	0.9324
ASSLGAGEQF	ASSLSGAGEQF	1	0.9441
ASSFRSTDTQY	ASSFRASTDTQY	1	0.9298
ASSPRDRVGTEAF	ASSPRDRVGEAF	1	0.9229
ASSLLDSYNEQF	ASSLLADSYNEQF	1	0.9343
ASSRLAGVYNEQF	ASSRLAGVSYNEQF	1	0.9007
ASSTGSYEQY	ASSTSYEQY	1	0.9416
ASSTGSYEQY	ASSTGYEQY	1	0.939
ASSTGSYEQY	ASSQTGSYEQY	1	0.9529
ASSTGSYEQY	ASSTGGSYEQY	1	0.9456
ASSTGSYEQY	ASSTRGSYEQY	1	0.9383
ASSTGSYEQY	ASSTSGSYEQY	1	0.9578
ASSTGSYEQY	ASSTGQSYEQY	1	0.9312
ASSTGSYEQY	ASSTGSLYEQY	1	0.9297
ASREGYNEQF	ASRGYNEQF	1	0.929
ASREGYNEQF	ASREGYEQF	1	0.9232
ASSQEGEKLF	ASSEGEKLF	1	0.9557
ASSQEGEKLF	ASSQENGEKLF	1	0.9367
ASSPVGTEAF	ASSPGTEAF	1	0.9277
ASSPVGTEAF	ASSPVSGTEAF	1	0.9306
ASHSGGTEAF	ASSHSGGTEAF	1	0.9687
ASSQDRDSYEQY	ASSDRDSYEQY	1	0.9511
ASSQDRDSYEQY	ASSQDRSYEQY	1	0.9161
ASSQDRDSYEQY	ASSQDPRDSYEQY	1	0.9003
ASSQDRDSYEQY	ASSQDRDPSYEQY	1	0.8943
ASLAPTGEQY	ASSLAPTGEQY	1	0.967
ASSQGQKGGNTEAF	ASSQGQGGNTEAF	1	0.9185
ASSDFRQADNEQF	ASSDFRQDNEQF	1	0.9063
ASSTGPDTQY	ASSTGDTQY	1	0.9211
ASSLGGPYYEQY	ASSLGGPYEQY	1	0.9188
ASGGGTEAF	ASGGTEAF	1	0.9613
ASGGGTEAF	ASSGGGTEAF	1	0.9717
ASSDLASAYNEQF	ASSLASAYNEQF	1	0.9521
ASSYGGGTEAF	ASSGGGTEAF	1	0.943
ASSYGGGTEAF	ASSYGGTEAF	1	0.9423
ASSYGGGTEAF	ASSYTGGGTEAF	1	0.9373
ASSYGGGTEAF	ASSYGGVGTEAF	1	0.916
ASSYGGGTEAF	ASSYGGGYTEAF	1	0.9207
ASSSPSSDSYNEQF	ASSSPSSSYNEQF	1	0.9263
ASSLQGGPQH	ASSLQGGQPQH	1	0.9256
ASSLVVNEQF	ASSVVNEQF	1	0.9556
ASSLVVNEQF	ASSLVVSNEQF	1	0.9523
ASSLALAGTDTQY	ASSLALGTDTQY	1	0.9227
ASSLALAGTDTQY	ASSLALAGITDTQY	1	0.9157
ASSIYSRNEQF	ASSISRNEQF	1	0.9305
ASSLSGLDEQY	ASSLSSGLDEQY	1	0.9435
ASSLSGLDEQY	ASSLSGPLDEQY	1	0.9073
ASSLSGLDEQY	ASSLSGLWDEQY	1	0.897
ASSVSGETQY	ASSSGETQY	1	0.9536
ASSVSGETQY	ASSVGETQY	1	0.9466
ASSVSGETQY	ASSVSETQY	1	0.9391
AISPTSGSVYEQY	ASPTSGSVYEQY	1	0.9613
ASSKGQGAYGYT	ASSGQGAYGYT	1	0.9522
ASSKGQGAYGYT	ASSKGQGADYGYT	1	0.8939
ASSARDTSYEQY	ASARDTSYEQY	1	0.9698
ASSLGTSTYNEQF	ASSLGTSYNEQF	1	0.9173
SALPSTNEQY	SALPSTNCEQY	1	0.9094
ASSPGTINERLF	ASSPGTNERLF	1	0.9067
ASSVGTGKDYEQY	ASSVGTGDYEQY	1	0.8971
ASSFSLADTQY	ASSSLADTQY	1	0.9462
ASRQTGELF	ASRQTAGELF	1	0.9357
ASRQTGELF	ASRQTSGELF	1	0.939
ASSLVLAQETQY	ASSLLAQETQY	1	0.9524
ASSQDRLAGGYNEQF	ASSQRLAGGYNEQF	1	0.92
ASSYGTDQETQY	ASSYTGTDQETQY	1	0.9227
ASTLGAGELF	ASTGAGELF	1	0.9449
ASTLGAGELF	ASTLGGELF	1	0.934
ASSWGSYGYT	ASSWGYGYT	1	0.9024
ASSVGPDTQY	ASSVGDPDTQY	1	0.9095
ASSVGPDTQY	ASSVGSPDTQY	1	0.9222
ASSPTGGYEQY	ASSTGGYEQY	1	0.9371
ASSPTGGYEQY	ASSPGGYEQY	1	0.9244
ASSPTGGYEQY	ASSPTDGGYEQY	1	0.9088
ASSPTGGYEQY	ASSPTSGGYEQY	1	0.928
ASSPTGGYEQY	ASSPTGAGYEQY	1	0.9101
ASSPTGGYEQY	ASSPTGGNYEQY	1	0.9123
ASSLFASSYEQY	ASSFASSYEQY	1	0.9525
ASSLFASSYEQY	ASSLFSSYEQY	1	0.939
ASSTGAYEQY	ASSTGYEQY	1	0.938
ASSTGAYEQY	ASRSTGAYEQY	1	0.9521
ASSTGAYEQY	ASSATGAYEQY	1	0.9623
ASSTGAYEQY	ASSFTGAYEQY	1	0.9389
ASSTGAYEQY	ASSLTGAYEQY	1	0.9463
ASSTGAYEQY	ASSPTGAYEQY	1	0.94
ASSTGAYEQY	ASSWTGAYEQY	1	0.9203
ASSTGAYEQY	ASSYTGAYEQY	1	0.9407
ASSTGAYEQY	ASSTGLAYEQY	1	0.9254
ASSTGAYEQY	ASSTGRAYEQY	1	0.9235
ASSTGAYEQY	ASSTGVAYEQY	1	0.9299
ASSMGLGLAGGEQF	ASSMGLGLAGEQF	1	0.9321
ASSPYLGRTDTQY	ASSPLGRTDTQY	1	0.9016
ASSLEGGGTDTQY	ASSLGGGTDTQY	1	0.9328
ASSLEGGGTDTQY	ASSLEGGTDTQY	1	0.929
ASSLEGGGTDTQY	ASSLEGGGSTDTQY	1	0.9307
ASSQDRGTDTQY	ASSYQDRGTDTQY	1	0.935
ASSFAGAYNEQF	ASSAGAYNEQF	1	0.9399
ASSFAGAYNEQF	ASSFAAYNEQF	1	0.9178
ASSFAGAYNEQF	ASSFGAGAYNEQF	1	0.9187
ASSFSDRVYNEQF	ASSTFSDRVYNEQF	1	0.9532
ASSLLASTDTQY	ASSLLATDTQY	1	0.9516
ASSLLASTDTQY	ASSLLASGTDTQY	1	0.9339
ASSQEGGATNEKLF	ASSQEGGAGTNEKLF	1	0.9154
ASSQRDPYEQY	ASSQDPYEQY	1	0.928
ASSQRDPYEQY	ASSQRPYEQY	1	0.9107
ASSPPGDEQY	ASSYPPGDEQY	1	0.9279
ASSQGTGLSYEQY	ASSQTGLSYEQY	1	0.9276
ASSQGTGLSYEQY	ASSQGGLSYEQY	1	0.9117
ASSQGTGLSYEQY	ASSQGTGSYEQY	1	0.9035
ASSFMGQGYEQY	ASSMGQGYEQY	1	0.9331
ASSWAGGFTEAF	ASSAGGFTEAF	1	0.922
ASSVGSGNTIY	ASSVSGNTIY	1	0.9396
ASSVGSGNTIY	ASSEVGSGNTIY	1	0.9543
ASSLGLAVSYEQY	ASSLGLVSYEQY	1	0.9163
SVEGGYNEQF	SVEAGGYNEQF	1	0.9327
SARGRLAYEQY	SARGRAYEQY	1	0.9099
ASRMPGPYSNQPQH	ASRPGPYSNQPQH	1	0.9034
ASSPGQGANQPQH	ASSPGQGAYNQPQH	1	0.8726
ASSLVGGPDEQY	ASSLVGGDEQY	1	0.9162
ASSLGETTEAF	ASSLGETEAF	1	0.9452
ASSLGETTEAF	ASSLGETNTEAF	1	0.9287
ASSPARGGTDTQY	ASSPAGGTDTQY	1	0.9126
ASRIAGGSSYEQY	ASRIAGSSYEQY	1	0.9309
ASSYGNEQY	ASSYNEQY	1	0.928
ASSYGNEQY	ASSYGNYEQY	1	0.9213
ASSWGQGTGELF	ASSWGQGFTGELF	1	0.8724
SVGSQGNEKLF	SVGSQGTNEKLF	1	0.9195
ASSSGGTEAF	ASSHSGGTEAF	1	0.9456
ASSSGGTEAF	ASSSAGGTEAF	1	0.9679
ASSSGGTEAF	ASSSGEGTEAF	1	0.9402
ASSSGGTEAF	ASSSGVGTEAF	1	0.9382
ASSSGGTEAF	ASSSGGNTEAF	1	0.9505
ASSSGGTEAF	ASSSGGYTEAF	1	0.936
ASSLAGSDEQY	ASSLAGSEQY	1	0.9471
ASSPRQGMNTEAF	ASSPQGMNTEAF	1	0.9106
CASSPGGGRGYTF	CASSPGGGGYTF	1	0.8962
ASSLLEGTEAF	ASSLEGTEAF	1	0.9526
ASSSGLAGGPDTQY	ASSSLAGGPDTQY	1	0.9466
ASSTDPYEQY	ASSDPYEQY	1	0.9514
ASSTDPYEQY	ASSTDYEQY	1	0.9168
ASSTDPYEQY	ASSLTDPYEQY	1	0.9386
ASSTDPYEQY	ASSRTDPYEQY	1	0.9405
ASSTDPYEQY	ASSTDPAYEQY	1	0.9174
ASSLLAGAYEQY	ASSLGLAGAYEQY	1	0.926
ASSLLAGAYEQY	ASSLLAGLAYEQY	1	0.9226
ASRFSGSPYEQY	ASRPFSGSPYEQY	1	0.91
ASSPGTNQPQH	ASSPGTVNQPQH	1	0.901
ASSEGRTLNQPQH	ASSEGRLNQPQH	1	0.8955
CASTAGDSAETLYF	CASTGDSAETLYF	1	0.9267
ASSLPGEAF	ASSLAPGEAF	1	0.9361
ASSLPGEAF	ASSLPDGEAF	1	0.9161
ASSLPGEAF	ASSLPGAEAF	1	0.937
ASSLPGEAF	ASSLPGSEAF	1	0.9383
ASSLRQPSNQPQH	ASSLRPSNQPQH	1	0.9115
ASSLVGRNYGYT	ASSLGRNYGYT	1	0.9307
ASSLVGRNYGYT	ASSLVQGRNYGYT	1	0.91
ASSLVGRNYGYT	ASSLVGRANYGYT	1	0.8934
ASSFAAEQF	ASSFAANEQF	1	0.9439
ASSLGGGAYEQY	ASSLGGGYEQY	1	0.9358
ASSLGGGAYEQY	ASSLGGAGAYEQY	1	0.9285
ASSYHSNQPQH	ASSYSNQPQH	1	0.9253
ASSSGGARETQY	ASSSGGRETQY	1	0.949
ASSQVSLPQETQY	ASSQVSLQETQY	1	0.9139
ASSLDGGNQPQH	ASSLGDGGNQPQH	1	0.9165
ASTPSGSSPYEQY	ASSTPSGSSPYEQY	1	0.9689
ASSYSSGNTIY	ASSYLSSGNTIY	1	0.9377
ASSSSGTGGTEAF	ASSSGTGGTEAF	1	0.9768
ASSSSGTGGTEAF	ASSSSTGTGGTEAF	1	0.9667
ASSPRGVTDTQY	ASSPREGVTDTQY	1	0.9041
ASSPRGVTDTQY	ASSPRSGVTDTQY	1	0.9115
ASSWGTEAF	ASSWMGTEAF	1	0.9058
ASSWGTEAF	ASSWTGTEAF	1	0.9139
ASSWGTEAF	ASSWGYTEAF	1	0.9022
ASSGTDLNQPQH	ASSSGTDLNQPQH	1	0.9678
ASSGTDLNQPQH	ASSAGTDLNQPQH	1	0.9558
ASGGTGNEQF	ASGGTGWNEQF	1	0.8936
ASSDPYNEQF	ASSDYNEQF	1	0.9153
ASSDPYNEQF	ASSVDPYNEQF	1	0.9378
ASSDPYNEQF	ASSDPNYNEQF	1	0.9026
ASSYGGNTEAF	ASSGGNTEAF	1	0.9395
ASSYGGNTEAF	ASSYGGTEAF	1	0.931
ASSYGGNTEAF	ASSYRGGNTEAF	1	0.9225
ASSYGGNTEAF	ASSYSGGNTEAF	1	0.9368
ASSYGGNTEAF	ASSYGSGNTEAF	1	0.9212
ASSYGGNTEAF	ASSYGGLNTEAF	1	0.913
ASSYGGNTEAF	ASSYGGRNTEAF	1	0.9159
ASNFDPGYNEQF	ASFDPGYNEQF	1	0.9381
ASSVDSNEQF	ASSDSNEQF	1	0.9521
ASSVDSNEQF	ASSVDQSNEQF	1	0.9361
ASSLTGPNYGYT	ASSLTGNYGYT	1	0.8881
ASSLTGPNYGYT	ASSLLTGPNYGYT	1	0.9399
ASSHTSGELF	ASSHTGELF	1	0.9373
ASSSGQGYEQY	ASSGQGYEQY	1	0.9691
ASSSGQGYEQY	ASSSQGYEQY	1	0.9502
ASSSGQGYEQY	ASSSGGYEQY	1	0.9312
ASSSGQGYEQY	ASSDSGQGYEQY	1	0.9486
ASSSGQGYEQY	ASSLSGQGYEQY	1	0.945
ASSSGQGYEQY	ASSSGQGSYEQY	1	0.9287
ASSSGQGYEQY	ASSSGQGTYEQY	1	0.922
ASSGGAPNEQF	ASSGGAPYNEQF	1	0.9099
RVVVAPYNEQF	VVVAPYNEQF	1	0.9665
ASGRLDEQY	ASRLDEQY	1	0.9442
ASSLRDGSYEQY	ASSLDGSYEQY	1	0.9228
ASSLRDGSYEQY	ASSLRDSYEQY	1	0.9087
ASASTDTQY	ASATSTDTQY	1	0.9606
ASSPLVDTGELF	ASSPLDTGELF	1	0.9161
ASSLGGGSQDTQY	ASSLGGGSDTQY	1	0.9332
ASSSQGDTQY	ASSQGDTQY	1	0.9711
ASSSQGDTQY	ASSSSQGDTQY	1	0.975
ASSSQGDTQY	ASSFSQGDTQY	1	0.9398
ASSSQGDTQY	ASSSGQGDTQY	1	0.9528
ASSSQGDTQY	ASSSQGTDTQY	1	0.937
ASSSGTGASPLH	ASSSGTGSPLH	1	0.9382
ASSQDLGTDTQY	ASSQLGTDTQY	1	0.9311
ASSQDLGTDTQY	ASSQDLGSTDTQY	1	0.9182
ASSSRITYEQY	ASSSRTYEQY	1	0.9337
ASSPGIYSNQPQH	ASSPGYSNQPQH	1	0.8863
ASSRGRDSSYEQY	ASSRRDSSYEQY	1	0.9249
ASSSLGGYTDTQY	ASSLGGYTDTQY	1	0.9681
ASSSGSYEQY	ASSSSYEQY	1	0.9533
ASSSGSYEQY	ASSSGYEQY	1	0.9493
ASSSGSYEQY	ASSFSGSYEQY	1	0.9432
ASSSGSYEQY	ASSISGSYEQY	1	0.949
ASSSGSYEQY	ASSLSGSYEQY	1	0.9493
ASSSGSYEQY	ASSPSGSYEQY	1	0.9445
ASSSGSYEQY	ASSTSGSYEQY	1	0.9635
ASSSGSYEQY	ASSYSGSYEQY	1	0.9451
ASSSGSYEQY	ASSSGGSYEQY	1	0.9567
ASSSGSYEQY	ASSSQGSYEQY	1	0.9545
ASSSGSYEQY	ASSSGDSYEQY	1	0.9376
ASSSGSYEQY	ASSSGLSYEQY	1	0.934
ASSSGSYEQY	ASSSGNSYEQY	1	0.9422
ASSSGSYEQY	ASSSGQSYEQY	1	0.9409
ASSSGSYEQY	ASSSGTSYEQY	1	0.9453
ASSSGSYEQY	ASSSGSGYEQY	1	0.9379
ASSSGSYEQY	ASSSGSTYEQY	1	0.9458
ASSLFGRGLNYEQY	ASSLFGRGLYEQY	1	0.8873
ASSHLGGDNIQY	ASSHLGDNIQY	1	0.9101
ASSFSGGLNQPQH	ASSFGGLNQPQH	1	0.9177
ASSLGGQGNQPQH	ASSGGQGNQPQH	1	0.9411
ASSLGGQGNQPQH	ASSLGGQGSNQPQH	1	0.9022
ASSTYSGRATERY	ASSTYSGRATEY	1	0.9566
SVGQALYIEQF	SVGQALYEQF	1	0.9263
ASSSPGESSYNEQF	ASSSGESSYNEQF	1	0.9411
ASSFQVPNYGYT	ASSFVPNYGYT	1	0.8983
ASSLGGGGEQF	ASSLGGGQGEQF	1	0.9337
ASSPRTSGYNEQF	ASSRTSGYNEQF	1	0.9373
ASSPRTSGYNEQF	ASSPTSGYNEQF	1	0.9138
ASSLNSGGETQY	ASSLSGGETQY	1	0.9356
ASSPRGEKLF	ASSPGEKLF	1	0.9226
ASSSLAEQY	ASSSLAGEQY	1	0.9467
SADSGEETQY	SASDSGEETQY	1	0.9644
SADSGEETQY	SADSGSEETQY	1	0.9452
ASSFGTTEAF	ASSFDGTTEAF	1	0.9263
ASSFGTTEAF	ASSFQGTTEAF	1	0.928
AVGGERDTQY	AVGGRDTQY	1	0.9275
ASNGETQY	ASNEGETQY	1	0.9407
ASSLGAGEL	ASSLGAGELF	1	0.9674
ASSPGGPGELF	ASSPGGGELF	1	0.9124
ASSPGGPGELF	ASSPRGGPGELF	1	0.9101
ASSPGGPGELF	ASSPGGAPGELF	1	0.9179
ASSSLGLNQPQH	ASSLGLNQPQH	1	0.9681
ASSLIGGANTEAF	ASSIGGANTEAF	1	0.9504
ASSLIGGANTEAF	ASSLGGANTEAF	1	0.9444
ASSPWDRAYEQY	ASSWDRAYEQY	1	0.9199
ASSPWDRAYEQY	ASSPWDRAAYEQY	1	0.8895
CASSSGVGTEVFF	CASSGVGTEVFF	1	0.9467
ASSVLSTDTQY	ASSLVLSTDTQY	1	0.9587
ASSLATGNEQY	ASSLAGNEQY	1	0.9359
ASSLATGNEQY	ASSLAGTGNEQY	1	0.9301
SAARTGNTEAF	SAATGNTEAF	1	0.9474
ASSVAGGTDTQY	ASSFVAGGTDTQY	1	0.9433
ASSVAGGTDTQY	ASSVLAGGTDTQY	1	0.946
ASSVGPGNEQF	ASSVGGNEQF	1	0.9087
ASSTGVNEQY	ASSTGNEQY	1	0.9323
SASYPAGLQAGGGVEQY	SASYPAGLQAGGGEQY	1	0.9196
ASSSGIYGYT	ASSSGYGYT	1	0.9291
SVGHALYNEQF	SVGHLYNEQF	1	0.903
ASSQDRGETQY	ASSDRGETQY	1	0.9506
SASRDQETQY	SASRDSQETQY	1	0.9378
SVGTGSFYEQY	SVAGTGSFYEQY	1	0.9503
ASSLEGGYGYT	ASSLEGGGYT	1	0.9207
SVGGTGSGTSAYSYNEQF	SVGGTGSGTSCAYSYNEQF	1	0.8241
SVGGTGSGTSAYSYNEQF	SVGGTGSGTSVAYSYNEQF	1	0.8467
SVGGTGSGTSAYSYNEQF	SVGGTGSGTSWAYSYNEQF	1	0.8071
ASSEGISYNEQF	ASSEGSYNEQF	1	0.911
ASSYGTVTGELF	ASSYGTVNTGELF	1	0.9056
CASSLPSGSSYEQYF	CASSLPGSSYEQYF	1	0.8899
ASSLASTGELF	ASSLSTGELF	1	0.9499
ASSLASTGELF	ASSLASGELF	1	0.9448
ASSLASTGELF	ASSGLASTGELF	1	0.956
ASSLASTGELF	ASSLASSTGELF	1	0.9542
ARSPTSGSVYEQY	ASPTSGSVYEQY	1	0.9583
ASSRADNEQF	ASSYRADNEQF	1	0.9393
SGAGDYEQY	SVGAGDYEQY	1	0.9552
ASSIGAPYEQY	ASSILGAPYEQY	1	0.9345
ASSPRGVADEQY	ASSPRGADEQY	1	0.9122
ASSLEAETYEQY	ASSLEFAETYEQY	1	0.9099
ASSLGTGSAYEQY	ASSLGTGSYEQY	1	0.9221
ASSQDRGYNEQF	ASSQDGYNEQF	1	0.9049
ASSQDRGYNEQF	ASSQDRGEYNEQF	1	0.8913
ASSQDRGYNEQF	ASSQDRGFYNEQF	1	0.8918
ASSQDRGYNEQF	ASSQDRGSYNEQF	1	0.8991
ASSQDRGYNEQF	ASSQDRGWYNEQF	1	0.8688
ASSLGSGGSYNEQF	ASSLSGGSYNEQF	1	0.9272
ASSLGSGGSYNEQF	ASSLGFSGGSYNEQF	1	0.8968
AIRAGDTSEQY	AIRAGDTSYEQY	1	0.9242
ASSLWGVTEAF	ASSLWVTEAF	1	0.9037
ASSLWGVTEAF	ASSLWGVDTEAF	1	0.9023
ASSLGAEKLF	ASSLGDAEKLF	1	0.9266
ASSFTGTQY	ASFTGTQY	1	0.9652
ASSPQGASYEQY	ASSQGASYEQY	1	0.9418
ASSPQGASYEQY	ASSPQGSYEQY	1	0.9192
ASSPQGASYEQY	ASSPQGAYEQY	1	0.921
ASSIGMNTEAF	ASSIMNTEAF	1	0.9248
ASSIGMNTEAF	ASSIGNTEAF	1	0.918
ASSLGNYEQY	ASSLGYEQY	1	0.9195
ASSLGNYEQY	ASSLGNEQY	1	0.9239
ASSLGNYEQY	ASSLGGNYEQY	1	0.9284
ASSLGNYEQY	ASSLSGNYEQY	1	0.9323
ASSLGNYEQY	ASSLVGNYEQY	1	0.9358
ASSLGNYEQY	ASSLGHNYEQY	1	0.9043
ASSLGNYEQY	ASSLGQNYEQY	1	0.9139
ASSLGNYEQY	ASSLGSNYEQY	1	0.9244
CASSQGTLNTGELFFG	CASSQGTLTGELFFG	1	0.8746
ASSPRSGQDTQY	ASSPRSGDTQY	1	0.9162
ASSWGGLYEQY	ASSWGLYEQY	1	0.9041
ASSPGQGIQPQH	ASSPGQGINQPQH	1	0.8891
ASSQDGGYEQY	ASSQGGYEQY	1	0.9317
ASSQDGGYEQY	ASSQDRGGYEQY	1	0.9131
ASSQDGGYEQY	ASSQDGQGYEQY	1	0.9027
ASSDPGGGTDTQY	ASSPGGGTDTQY	1	0.9445
ASSDPGGGTDTQY	ASSLDPGGGTDTQY	1	0.9371
ASRTSGNEQF	ASTSGNEQF	1	0.9523
ASRTSGNEQF	ASRSGNEQF	1	0.9435
ASSSGTGVEQF	ASSSGTVEQF	1	0.9364
ASSPQGGNYGYT	ASSQGGNYGYT	1	0.9343
ASSPQGGNYGYT	ASSPQGNYGYT	1	0.9056
ASSPQGGNYGYT	ASSPQGGYGYT	1	0.9037
SAPSAPYYEQY	SASAPYYEQY	1	0.9435
ASSDRGDTQY	ASSRGDTQY	1	0.9467
ASSDRGDTQY	ASSDGDTQY	1	0.9283
ASSDRGDTQY	ASSSDRGDTQY	1	0.9694
ASSDRGDTQY	ASSFDRGDTQY	1	0.9322
CASSIGPGLGQPQHFG	ASSIGPGLGQPQHFG	1	0.9589
ASSPDLNTGELF	ASSDLNTGELF	1	0.9373
ASSPDLNTGELF	ASSPDNTGELF	1	0.9002
ASSLTADTQY	ASSLTGADTQY	1	0.9313
ASSLTADTQY	ASSLTATDTQY	1	0.9415
ASWRSYEQY	ASRSYEQY	1	0.9224
ASSPDPGYNEQF	ASSPDPGIYNEQF	1	0.8711
ASSPLAASYEQY	ASSPLAGASYEQY	1	0.9184
ASSDIKNTGELF	ASSDINTGELF	1	0.9181
ASSGTGGYGYT	ASLSGTGGYGYT	1	0.9507
SASGGTEAF	ASGGTEAF	1	0.972
SASGGTEAF	SASKGGTEAF	1	0.9525
ASSGLGGSSYEQY	ASSLGGSSYEQY	1	0.9531
ASSPGLPYEQY	ASSPPGLPYEQY	1	0.9326
ASSPGLPYEQY	ASSQPGLPYEQY	1	0.9385
ASSPHSGSNTGELF	ASSPSGSNTGELF	1	0.9134
ASSIGLNTEAF	ASSIGNTEAF	1	0.9197
ASSIGLNTEAF	ASSIGRLNTEAF	1	0.9118
ASSFPSPLH	ASSFPFSPLH	1	0.9013
ASSFTGNTEAF	ASSFTNGNTEAF	1	0.9216
ASSFTGNTEAF	ASSFTGENTEAF	1	0.9168
ASSFTGNTEAF	ASSFTGMNTEAF	1	0.9084
ASSQDGSSGNTIY	ASSQGSSGNTIY	1	0.9406
ASSQDGSSGNTIY	ASSQDLGSSGNTIY	1	0.9168
ASSQDGSSGNTIY	ASSQDSGSSGNTIY	1	0.9362
ASSPRDSYEQY	ASSPDSYEQY	1	0.9186
ASSPRDSYEQY	ASSPYRDSYEQY	1	0.9063
ASSPRDSYEQY	ASSPRDRSYEQY	1	0.9035
ASSPRDSYEQY	ASSPRDSSYEQY	1	0.9247
ASSPRDSYEQY	ASSPRDSGYEQY	1	0.9034
ASSLDRDTEVF	ASSLRDRDTEVF	1	0.9286
ASSRQGGYEQY	ASSQGGYEQY	1	0.9455
ARDQTGNGYT	CARDQTGNGYT	1	0.9583
ARDQTGNGYT	IARDQTGNGYT	1	0.9654
ASSLTGLYNEQF	ASSLGLYNEQF	1	0.928
ASSPTGYNEQF	ASSPTGYEQF	1	0.9219
ASSPTGYNEQF	ASSPTSGYNEQF	1	0.9188
ASSPTGYNEQF	ASSPTGFYNEQF	1	0.8985
ASSPTGYNEQF	ASSPTGYYNEQF	1	0.9079
SARDRVGNIY	SARDRVGNNIY	1	0.936
ASSHFTYEQY	ASSHFQTYEQY	1	0.9074
ASSPLGAKNIQY	ASSLGAKNIQY	1	0.9406
ASSPLGAKNIQY	ASSPLAKNIQY	1	0.9113
ASSNFGTTNYGYT	ASSNFGTNYGYT	1	0.9013
ASSPQGTGAYEQY	ASSPGTGAYEQY	1	0.9147
ASSPQGTGAYEQY	ASSPQGTAYEQY	1	0.9008
ASSSGTITDTQY	ASSSTGTITDTQY	1	0.9653
ASSESGSSYNEQF	ASSSGSSYNEQF	1	0.9584
ASSESGSSYNEQF	ASSEGSSYNEQF	1	0.9489
CASSIGLNTEAFF	CASSFIGLNTEAFF	1	0.884
ASSPPGAANYGYT	ASSPPGANYGYT	1	0.9127
ASSVAGGGLNEQF	ASSVAGGLNEQF	1	0.9406
ASSVENEQF	ASSVNEQF	1	0.9456
ASSQGQGAYYGYT	ASSQGQGAYGYT	1	0.9138
ASSLGLAGRSYNEQF	ASSLGLAGSYNEQF	1	0.8842
ASSLGLAGRSYNEQF	ASSLGLAGRYNEQF	1	0.8877
ASSPTLGELF	ASSPTGELF	1	0.9244
ASSLGQGDQPQH	ASSLGQGQPQH	1	0.9001
ASSLGQGDQPQH	ASSYLGQGDQPQH	1	0.9325
ASSLGDRAYEQY	ASSLIGDRAYEQY	1	0.9329
ASSLGDRAYEQY	ASSLGPDRAYEQY	1	0.8873
ASSFPNGNEQY	ASSFPGNEQY	1	0.904
ASSLDHNEQF	ASSLDHTNEQF	1	0.919
ASSLRGPWDEQF	ASSLGPWDEQF	1	0.8947
ASSYTDRSYEQY	ASSYTRSYEQY	1	0.912
ASSGGPGSYEQY	ASSGGPSYEQY	1	0.9121
ASSLAADYEQY	ASSLAAYEQY	1	0.9325
ASSEGSGYEQY	ASSEGSYEQY	1	0.9247
ASSEGSGYEQY	ASSEGGSGYEQY	1	0.9382
ASSDGQVATNEKLFF	ASSDGQVATNEKLF	1	0.9676
ASSDGQVATNEKLFF	CASSDGQVATNEKLFF	1	0.9662
ASSASRGPADTQY	ASSSRGPADTQY	1	0.9593
ASSLVVRYEQY	ASSLVGVRYEQY	1	0.9175
ASSWGTGGTDTQY	ASSGTGGTDTQY	1	0.9229
ASSWGTGGTDTQY	ASSWGTGGSTDTQY	1	0.9081
CASSRQDYNEQFF	CASSQDYNEQFF	1	0.9135
ASSILAGAQETQY	ASSLAGAQETQY	1	0.954
ASSGLAGLTYEQY	ASSLAGLTYEQY	1	0.95
ASSASGGTDTQY	ASSASGTDTQY	1	0.9486
ASSASGGTDTQY	ASSSASGGTDTQY	1	0.9764
ASSFSNTGELF	ASSSNTGELF	1	0.9426
ASSFSNTGELF	ASSFFSNTGELF	1	0.9441
ASSFSNTGELF	ASSFSANTGELF	1	0.9288
ASSFSNTGELF	ASSFSGNTGELF	1	0.9204
ASSFSNTGELF	ASSFSPNTGELF	1	0.9069
ASSRDRGPTDTQY	ASSDRGPTDTQY	1	0.9408
ASSLGGRNEQF	ASSLGQGRNEQF	1	0.9098
ASSLGGRNEQF	ASSLGGRGNEQF	1	0.9215
ASSLGGRNEQF	ASSLGGRHNEQF	1	0.9148
ASSQGLGTEAF	ASSQGGTEAF	1	0.9205
ASSQGLGTEAF	ASSQQGLGTEAF	1	0.9539
ASSQGLGTEAF	ASSQEGLGTEAF	1	0.9422
ASSYDFQPQH	ASSYDQPQH	1	0.8943
ASSHYRGNEQF	ASSHYGNEQF	1	0.9086
ASSHYRGNEQF	ASSHYRGYNEQF	1	0.8954
ASSFGGDKNIQY	ASSFGQGDKNIQY	1	0.8936
ASSSPGLANEQF	ASSPGLANEQF	1	0.968
ASSASGATDTQY	ASSASGTDTQY	1	0.9459
ASSPTVGNEQF	ASSPTVNEQF	1	0.9226
AWSRPLGSNQPQH	AWSRPLGNQPQH	1	0.8727
ASSLSIGTYEQY	ASSLSGTYEQY	1	0.918
ASSLRASYEQY	ASSLRSYEQY	1	0.9332
ASSLTGGYTDTQY	ASSLGGYTDTQY	1	0.9291
ASSLTGGYTDTQY	ASSLTGGTDTQY	1	0.9083
ASSLTGGYTDTQY	ASSLTGGYGTDTQY	1	0.896
ASSLGTSGYNEQF	ASSLGSGYNEQF	1	0.9112
ASSLGTSGYNEQF	ASSLGTGYNEQF	1	0.9078
ASSLGTSGYNEQF	ASSLGTSYNEQF	1	0.9054
ASSLGTSGYNEQF	ASSLGTSGNEQF	1	0.9113
ASSSRGVDEQF	ASSSRVDEQF	1	0.9311
ASSSRGVDEQF	ASSSRGDEQF	1	0.9282
ASSPPGTGELF	ASSPPGLTGELF	1	0.907
AISYIGVGYT	ASYIGVGYT	1	0.9585
ASSLGSGRGDTQYF	ASSLGSGRGDTQF	1	0.9575
ASSFQGFNYGYT	ASSFQGNYGYT	1	0.881
ASSLRGVGTQY	ASSLRGGTQY	1	0.916
ASSEGGNQPQH	ASSLEGGNQPQH	1	0.9403
ASSEGGNQPQH	ASSEGGGNQPQH	1	0.9391
ASSEGGNQPQH	ASSEGGTNQPQH	1	0.9219
ASSLRGSTDTQY	ASSLGSTDTQY	1	0.9327
ASSLRGSTDTQY	ASSLRSTDTQY	1	0.9248
ASSLRGSTDTQY	ASSLRGSDTQY	1	0.9284
ASSLRGSTDTQY	ATSSLRGSTDTQY	1	0.9682
ASSLRGSTDTQY	ASSLGRGSTDTQY	1	0.9247
ASSLRGSTDTQY	ASSLRGDSTDTQY	1	0.9134
ASSPLGAGYYGYT	ASSPLGGYYGYT	1	0.8935
ASLLNTEAF	ASSLLNTEAF	1	0.9701
ASSLGLDTQY	ASSLGDTQY	1	0.9209
ASSEGGSGANVLT	ASSLEGGSGANVLT	1	0.9499
ASSLELSYEQY	ASSELSYEQY	1	0.9512
ASSLELSYEQY	ASSLELASYEQY	1	0.9296
AGRQLTGSGETQY	ARQLTGSGETQY	1	0.9609
ASSQGAGGLGEQY	ASSQDGAGGLGEQY	1	0.9327
ASSSRTGREYEQY	ASSSRTGREPYEQY	1	0.8949
ASSLTATEAF	ASSLATEAF	1	0.9531
ASSLTATEAF	ASSLETATEAF	1	0.9454
ASSVGTGASYEQY	ASSVGTGAYEQY	1	0.9241
ASSILAGASNEF	ASSILAGASNEQF	1	0.9604
ASSPLGSSYNEQF	ASSPLSSYNEQF	1	0.9102
ASSPLGSSYNEQF	ASSPNLGSSYNEQF	1	0.9135
ASSPLGSSYNEQF	ASSPLGGSSYNEQF	1	0.9114
ASSLELNTGELF	ASSLENTGELF	1	0.9172
ASSLELNTGELF	ASSLELPNTGELF	1	0.8946
ADGGYT	AGGYT	1	0.937
ASSWTGADTQY	ASSWATGADTQY	1	0.9098
SASGGVSYNEQF	SASGGSYNEQF	1	0.9249
ASSSGQVEAF	ASSISGQVEAF	1	0.9501
ASSYSAYEQY	ASSYSYEQY	1	0.9383
ASSYSAYEQY	ASSYSAEQY	1	0.9381
ASSYSAYEQY	ASSYSASYEQY	1	0.9417
ASSYSAYEQY	ASSYSATYEQY	1	0.9342
ASSYSAYEQY	ASSYSAVYEQY	1	0.9347
ASSPPGTGFSYEQY	ASSPGTGFSYEQY	1	0.9323
SVPGSGAYGYT	SVPGSGYGYT	1	0.9038
ASSLDGFYGYT	ASSLGFYGYT	1	0.913
ASSLDGFYGYT	ASSLDGSFYGYT	1	0.9035
ATSDWTSGRASDEQF	ATSDWTSGRASDEF	1	0.9493
ASSLQGYQETQY	ASSLQGQETQY	1	0.9105
ASSLQGYQETQY	ASSLGQGYQETQY	1	0.9161
ASSLTGGDGYT	ASSLGGDGYT	1	0.9371
ASSLTGGDGYT	ASSLTGDGYT	1	0.932
ASSLTGGDGYT	ASSLTGGKDGYT	1	0.9222
ASSLTGGDGYT	ASSLTGGDYGYT	1	0.9143
ASSLGGVANTEAF	ASSLGGANTEAF	1	0.9244
ASSSGTGGVGELF	ASSSGTGVGELF	1	0.93
ASSPGGRDTQY	ASSPGGDTQY	1	0.917
CASSLTGNTEAFF	CASSLLTGNTEAFF	1	0.8956
ASSQELTGELF	ASSQETGELF	1	0.9327
ASSQELTGELF	ASSQELLTGELF	1	0.9387
ASSPGSTYNEQF	ASSPGSTPYNEQF	1	0.8914
ASSVGVLTGELF	ASSVGVGLTGELF	1	0.91
ASSVGSYNEQF	ASHSVGSYNEQF	1	0.9442
ASSVGSYNEQF	ASSLVGSYNEQF	1	0.9461
ASSVGSYNEQF	ASSVGSSYNEQF	1	0.933
ASRQGGYEQY	ASRQGYEQY	1	0.9271
ASSSVLDFLGTGELFF	CASSSVLDFLGTGELFF	1	0.9664
ASSFLRSNQPQH	ASSFRSNQPQH	1	0.9274
ASSQGSQPQH	ASSQGSDQPQH	1	0.924
ASSQGSQPQH	ASSQGSNQPQH	1	0.9277
ASRASTDTQY	ASRSTDTQY	1	0.9497
ASRASTDTQY	ATSRASTDTQY	1	0.9693
ASSVAGGDERF	ASSVAGGDEF	1	0.9556
ASSQGADTQY	ASSGADTQY	1	0.9527
ASSQGADTQY	ASSQGDTQY	1	0.9367
ASSQGADTQY	ASSLQGADTQY	1	0.946
ASSQGADTQY	ASSQGMADTQY	1	0.9215
ASSLGGAYNEQF	ASSLGAYNEQF	1	0.9288
ASSLGGAYNEQF	ASSLGGANEQF	1	0.919
ASSLGGAYNEQF	ASSLGQGAYNEQF	1	0.9035
ASSLGGAYNEQF	ASSLGRGAYNEQF	1	0.8988
ASSLGGAYNEQF	ASSLGGRAYNEQF	1	0.9047
ASSLGGAYNEQF	ASSLGGASYNEQF	1	0.9229
ASSLGGAYNEQF	ASSLGGAWYNEQF	1	0.8874
ASSLGQGGSYEQY	ASSLGGGSYEQY	1	0.9138
ASSLGQGGSYEQY	ASSLGQGSYEQY	1	0.9151
ASSLGQGGSYEQY	ASSLGQGGYEQY	1	0.9165
ASSLGQGGSYEQY	ASSLDGQGGSYEQY	1	0.916
CAAQALYNEQF	AAQALYNEQF	1	0.9632
SAPTDGNTGELF	SATDGNTGELF	1	0.9409
ASSPDTQY	ASSFPDTQY	1	0.9289
ASSPDTQY	ASSIPDTQY	1	0.9387
ASSPDTQY	ASSLPDTQY	1	0.9385
ASSPDTQY	ASSPGDTQY	1	0.9246
ASSPDTQY	ASSPIDTQY	1	0.9248
ASSPDTQY	ASSPRDTQY	1	0.9254
ASSLTTGSGNTIY	ASSLTGSGNTIY	1	0.9453
ASSLPGLAETQY	ASSLGLAETQY	1	0.9203
ASSGGSEQF	ASSWGGSEQF	1	0.9237
SARDPSAMNTGELF	SARDPSANTGELF	1	0.8869
ASSRGEDTQY	ASSRGDTQY	1	0.931
ASSRGEDTQY	ASSRGETQY	1	0.9336
ASSLPESYEQY	ASSPESYEQY	1	0.9422
SASGLANEQF	SASGLAVNEQF	1	0.931
ASSFYPGELF	ASSYPGELF	1	0.9305
ASLSAAGGTDTQY	ASSAAGGTDTQY	1	0.9582
ASSPGQGGNTEAF	ASSPGGGNTEAF	1	0.9101
ASSPGQGGNTEAF	ASSVPGQGGNTEAF	1	0.942
ASSYSTGNEQF	ASSSTGNEQF	1	0.9435
ASSYSTGNEQF	ASSYSTWGNEQF	1	0.8913
ASSYSTGNEQF	ASSYSTGDNEQF	1	0.9264
ASSLTLFGNEQF	ASSLTLGNEQF	1	0.9182
ASSLGGFTDTQY	ASSLGFTDTQY	1	0.9237
ASSLGGFTDTQY	ASSLGGTDTQY	1	0.913
ASSLGGFTDTQY	ASSLFGGFTDTQY	1	0.925
ASSLTGGGETQY	ASSTGGGETQY	1	0.9494
ASSLTGGGETQY	ASSLTGGETQY	1	0.9411
ASSLTGGGETQY	ASSLTAGGGETQY	1	0.9419
ASSLTGGGETQY	ASSLTGGLGETQY	1	0.9122
CASSLGVGDTQYF	CASSLYGVGDTQYF	1	0.8629
CASSLGVGDTQYF	CASSLGVGSDTQYF	1	0.8697
ASSPAEGGYEQY	ASSPEGGYEQY	1	0.9252
ASSPGSSTDTQY	ASSPGSTDTQY	1	0.9402
ASSPGSSTDTQY	ASSPFGSSTDTQY	1	0.9187
ASSPGSSTDTQY	ASSPLGSSTDTQY	1	0.9284
ASSPGSSTDTQY	ASSPSGSSTDTQY	1	0.9446
ASSPGSSTDTQY	ASSPGTSSTDTQY	1	0.936
ASSLFGGTDTQY	ASSLGGTDTQY	1	0.931
ASSLFGGTDTQY	ASSLFGTDTQY	1	0.9229
ASSLFGGTDTQY	ASSLFQGGTDTQY	1	0.91
ASSLFGGTDTQY	ASSLFGGFTDTQY	1	0.9037
ASSLLGDTEAF	ASSLALGDTEAF	1	0.9375
ASSLEDRGGYEQY	ASSLEDRGYEQY	1	0.9053
ASMGGNIQY	ASSMGGNIQY	1	0.9651
ASSPWRGAYNEQF	ASSWRGAYNEQF	1	0.918
ASSEGGGYEQY	ASSFEGGGYEQY	1	0.9363
ASSEGGGYEQY	ASSREGGGYEQY	1	0.9466
ASSEGGGYEQY	ASSEGGSGYEQY	1	0.9288
ASSLVGYNTEAF	ASSLVGNTEAF	1	0.9101
CASSPGQGYEQYF	CASSPGQGFYEQYF	1	0.8418
ASSLEQGPDTEAF	ASSLEQGPTEAF	1	0.9088
ASSLQGVQETQY	ASSLQGQETQY	1	0.9197
ASSLQGVQETQY	ASSLQGVETQY	1	0.9292
ASSPGAGEQY	ASSPAGEQY	1	0.9333
ASSPGAGEQY	ASSPGGEQY	1	0.9326
ASSPGAGEQY	ASSPTGAGEQY	1	0.9322
ASSPGAGEQY	ASSPGAGNEQY	1	0.9356
ASSTGQGVYEQY	ASSTGQGAVYEQY	1	0.917
ASSTGQGVYEQY	ASSTGQGLVYEQY	1	0.9103
ASSTGQGVYEQY	ASSTGQGVDYEQY	1	0.8997
ASSTGQGVYEQY	ASSTGQGVKYEQY	1	0.9097
ASSTGQGVYEQY	ASSTGQGVLYEQY	1	0.9154
ASSTGQGVYEQY	ASSTGQGVSYEQY	1	0.9146
ASSPQGAWNQPQH	ASSPQGWNQPQH	1	0.8602
ASSFSGGAPDTQY	ASSSGGAPDTQY	1	0.9376
ASSLTGLSQETQY	ASSLTGLQETQY	1	0.9236
ASSGTGVYNEQF	ASSGGVYNEQF	1	0.9259
ASSGTGVYNEQF	ASSRGTGVYNEQF	1	0.9424
ASTQHSSYNEQF	ASSTQHSSYNEQF	1	0.9696
CASSPRDSDYTF	CASSPRDNSDYTF	1	0.8635
ASSVATSGEQY	ASSVASGEQY	1	0.9496
ASLRELAGQETQY	ASRELAGQETQY	1	0.9507
ASSLSGTAYGYT	ASSLSGAYGYT	1	0.9196
ASSLSGTAYGYT	ASSLSGTYGYT	1	0.9183
ASSFGTEQY	ASSFGGTEQY	1	0.9359
ASSFGTEQY	ASSFGTFEQY	1	0.9225
ASSFGTEQY	ASSFGTYEQY	1	0.9237
ASSQDQGQPQH	ASSQQGQPQH	1	0.9332
ASSQDQGQPQH	ASSQDGQPQH	1	0.9212
ASSLAGGVYEQY	ASSLAGVYEQY	1	0.9315
ASSLAGGVYEQY	ASSLAGQGVYEQY	1	0.9063
ASSDGTGGYNEQF	ASSDGTGYNEQF	1	0.9056
ASSLQGDYDEQF	ASLQGDYDEQF	1	0.964
CASSEPDSAETLYF	CASSPDSAETLYF	1	0.9253
ASSLQGGETQY	ASSQGGETQY	1	0.9455
ASSLQGGETQY	ASSLGGETQY	1	0.9352
ASSLQGGETQY	ASSLQGGEQY	1	0.9451
ASSLLNREQF	ASSLLNEQF	1	0.9419
SSSALLGSASTQY	SSALLGSASTQY	1	0.9791
ASSSGTGVSYEQY	ASSSGGVSYEQY	1	0.9325
ASSSGTGVSYEQY	ASSSGTGSYEQY	1	0.918
ASSLSGIYEQY	ASSLSIYEQY	1	0.9244
ASSLSGIYEQY	ASSLSGIDYEQY	1	0.9061
ASSHDLMNTEAF	ASSDLMNTEAF	1	0.9385
ASSLEDGANYGYT	ASSLDGANYGYT	1	0.9195
ASSLEDGANYGYT	ASSLEGANYGYT	1	0.9108
SVGSPPTNEKLF	SVGSPPTNELF	1	0.9414
SVGSPPTNEKLF	SVGSPPTNEKLFF	1	0.9631
CASSLAREDTQYF	CASSLARDTQYF	1	0.9036
ASSYSSGGGETQY	ASSSSGGGETQY	1	0.9486
ASSPYLGGYEQY	ASSPLGGYEQY	1	0.9056
ASRQGATYEQY	ASRQGAYEQY	1	0.922
ASSLASGGEQY	ASSLSGGEQY	1	0.9513
ASSLASGGEQY	ASSLAGGEQY	1	0.9495
ASSLASGGEQY	ASSLASGGETQY	1	0.9516
ASSLEGAGSTDTQY	ASSLGAGSTDTQY	1	0.932
ASSLEGAGSTDTQY	ASSLEGGSTDTQY	1	0.9172
ASSQDLGSYEQY	ASSQLGSYEQY	1	0.9291
ASSQDLGSYEQY	ASSQDGSYEQY	1	0.9115
ASSQDLGSYEQY	ASSQDLSYEQY	1	0.9101
ASSQDLGSYEQY	ASSQDLGSEQY	1	0.9251
ASSQDLGSYEQY	ASSQDLGFSYEQY	1	0.8898
ASSGLAGSYEQY	ASSLAGSYEQY	1	0.9514
ASSGLAGSYEQY	ASSQGLAGSYEQY	1	0.951
ASSLGQDEAF	ASSLQDEAF	1	0.9309
ASSLGQDEAF	ASSLGQEAF	1	0.9379
ASSETGYTGELF	ASETGYTGELF	1	0.9669
SASEGAYNEQF	SASEEGAYNEQF	1	0.9487
ASSPSLGGAYGYT	ASSPSGGAYGYT	1	0.9118
SARVGAGNTIYF	SARVGAGNTIF	1	0.9589
ASSLTTSYEQY	ASSLSTTSYEQY	1	0.9521
ASSLTTSYEQY	ASSLTTDSYEQY	1	0.9323
ATTHPLVFGELF	ATTHPLVFGELFF	1	0.9622
ASSVDPLYEQY	ASSVPLYEQY	1	0.9173
ASSLMTGQNTEAF	ASSLMGQNTEAF	1	0.9266
ASSPDSTGELF	ASSPDTGELF	1	0.9282
ASSPDSTGELF	ASSYPDSTGELF	1	0.9341
SAPGQGPYEQY	SAGQGPYEQY	1	0.9334
ASSSTANTEAF	ASSSTTANTEAF	1	0.9716
ASSSTANTEAF	ASSSTARNTEAF	1	0.944
ASSLRTGGTEAF	ASSLRGGTEAF	1	0.9288
ASSLVGSSYNEQF	ASSVGSSYNEQF	1	0.9495
ASSLVGSSYNEQF	ASSLVGSYNEQF	1	0.9258
ASSLVGSSYNEQF	ASSLVGVSSYNEQF	1	0.9143
ASSGGQVGNQPQH	ASSGGQGNQPQH	1	0.906
ASSPAGYNEQF	ASSAGYNEQF	1	0.9371
ASSPAGYNEQF	ASSPAGNEQF	1	0.911
ASSPAGYNEQF	ASSPAGGYNEQF	1	0.9185
ASSVGQGLGYT	ASSQVGQGLGYT	1	0.9506
ASPVNYEQY	ASCPVNYEQY	1	0.9246
ASSLAGTYGYT	ASSLDAGTYGYT	1	0.9203
ASSLAGTYGYT	ASSLATGTYGYT	1	0.9265
ASSLAGTYGYT	ASSLAGTAYGYT	1	0.9216
ASSLAGTYGYT	ASSLAGTDYGYT	1	0.9058
ASSQGQYTDTQY	ASSQGYTDTQY	1	0.9122
ASSLSTGFTGELFF	ASSLSTGFTGELF	1	0.9676
ASSLQGTYEQY	ASSLQGYEQY	1	0.9177
ASSLQGTYEQY	ASSLGQGTYEQY	1	0.9193
ASSLQGTYEQY	ASSLSQGTYEQY	1	0.9316
ASSLQGTYEQY	ASSLQGHTYEQY	1	0.8968
ASSLQGTYEQY	ASSLQGITYEQY	1	0.9083
ASSLYYEQY	ASSLSYYEQY	1	0.9427
ASSLQGYTEAF	ASSLGYTEAF	1	0.926
ASSLQGYTEAF	ASSLAQGYTEAF	1	0.9323
ASSLQGYTEAF	ASSLGQGYTEAF	1	0.9188
ASSLQGYTEAF	ASSLTQGYTEAF	1	0.9311
ASSSRQNSGNTIY	ASSSRNSGNTIY	1	0.9423
ASSLEGTATDTQY	ASSLEGTGATDTQY	1	0.9078
ASSLVATGLSYEQY	ASSLATGLSYEQY	1	0.9431
ASSGGRDSYNEQF	ASSGRDSYNEQF	1	0.9462
ASSPSSGSNEQF	ASSSSGSNEQF	1	0.9526
ASSTGGLEQY	ASSFTGGLEQY	1	0.9386
ASSTGGLEQY	ASSTGGLETQY	1	0.9474
ASSIRAPNTEAF	ASSIRANTEAF	1	0.9121
ASSERMNTEAF	ASSEMNTEAF	1	0.9386
ASSERMNTEAF	ASSEGRMNTEAF	1	0.9264
ASSPGTGIHEQY	ASSPGGIHEQY	1	0.8968
ATSRGAGQETQY	ATSRGGQETQY	1	0.9239
SAYRGSYNEQF	SARGSYNEQF	1	0.9386
ASSLEAGKYNEQF	ASSLEAGYNEQF	1	0.9051
ASRLAGESYEQY	ASRGLAGESYEQY	1	0.9281
ASSLVAGGLNEQF	ASSVAGGLNEQF	1	0.9507
SVGGTGSGTSGAFSYNEQF	SVGGTGSGTSGASYNEQF	1	0.8597
ASSVGGGTDTQY	ASSLVGGGTDTQY	1	0.9498
ASSVGGGTDTQY	ASSVVGGGTDTQY	1	0.9556
ASSVGGGTDTQY	ASSVEGGGTDTQY	1	0.9362
ASSEVGSSYEQY	ASSVGSSYEQY	1	0.9556
ASSEVGSSYEQY	ASSEGSSYEQY	1	0.9387
ASPDPGLAGGKY	AGSPDPGLAGGKY	1	0.9553
ASPDPGLAGGKY	ASSPDPGLAGGKY	1	0.9617
ASATFSYEQY	ASSATFSYEQY	1	0.9702
ASSETGKNTEAF	ASSETGNTEAF	1	0.928
ASSFRSPGETQY	ASSFRSGETQY	1	0.9005
ASSDGGYGYT	ASSDGGLYGYT	1	0.9182
ASSQGTGNTEAF	ASSQAGTGNTEAF	1	0.9407
ASSLGPDRSSYEQY	ASSLGPDSSYEQY	1	0.8939
ASSPGLAEQF	ASSPGAEQF	1	0.9258
ASSPGLAEQF	ASSPGLEQF	1	0.9354
ASSPGLAEQF	ASSPGLAGEQF	1	0.9292
ASSPGLAEQF	ASSPGLANEQF	1	0.9307
ASSPGLAEQF	ASSPGLAYEQF	1	0.9224
ATSSEQLNTGELF	ATSSELNTGELF	1	0.9365
ASSGAGAYNEQF	ASSAGAYNEQF	1	0.9535
ASSGAGAYNEQF	ASSFGAGAYNEQF	1	0.939
ASSSGLETQY	ASSSLETQY	1	0.9518
ASSSGLETQY	ASSSGETQY	1	0.9393
ASSSGLETQY	ASSSQGLETQY	1	0.954
ASSQDLSYNEQF	ASSQDSYNEQF	1	0.914
CASSPWGGEQYF	CASSWGGEQYF	1	0.8892
ASSLGAGGARTGELF	ASSLGARGGARTGELF	1	0.8987
ASSLGAGGARTGELF	ASSLGASGGARTGELF	1	0.9164
ASGSSYEQY	ASSSYEQY	1	0.954
ASGSSYEQY	ASGSYEQY	1	0.9514
ASGSSYEQY	ASYGSSYEQY	1	0.9461
ASGSSYEQY	ASGDSSYEQY	1	0.9412
ASSYSGTIY	ASSSGTIY	1	0.9434
ASSTSGYNEQF	ASTSGYNEQF	1	0.9693
ASSTSGYNEQF	ASSSGYNEQF	1	0.9586
ASSTSGYNEQF	ASSTSYNEQF	1	0.9355
ASSTSGYNEQF	ASSPTSGYNEQF	1	0.94
ASSTSGYNEQF	ASSRTSGYNEQF	1	0.9475
ASSTSGYNEQF	ASSWTSGYNEQF	1	0.9203
ASSTSGYNEQF	ASSTSGFYNEQF	1	0.9202
ASSTSGYNEQF	ASSTSGPYNEQF	1	0.9084
ASSPMGSYEQY	ASSPMGLSYEQY	1	0.8968
ASSGLASYNEQF	ASSAGLASYNEQF	1	0.961
ASSGLASYNEQF	ASSLGLASYNEQF	1	0.9474
ASSGLASYNEQF	ASSGLASTYNEQF	1	0.9211
ASSTGTGYEQY	ASTGTGYEQY	1	0.968
ASSTGTGYEQY	ASSTGGYEQY	1	0.9247
ASSTGTGYEQY	ASSTSGTGYEQY	1	0.9523
ASSSERDTQY	ASSSESRDTQY	1	0.952
ASSSSGANVLT	ASSDSSGANVLT	1	0.9592
ASSSSGANVLT	ASSPSSGANVLT	1	0.9521
ASSSSGANVLT	ASSTSSGANVLT	1	0.9696
ASSSSGANVLT	ASSYSSGANVLT	1	0.9505
ASSSSGANVLT	ASSSGSGANVLT	1	0.9617
ASSNQDRGAQETQY	ASSQDRGAQETQY	1	0.9513
ASSEWGSYEQY	ASSWGSYEQY	1	0.9395
ASSEWGSYEQY	ASSEGSYEQY	1	0.9071
ASSEWGSYEQY	ASSEWGDSYEQY	1	0.8886
ASSEWGSYEQY	ASSEWGSAYEQY	1	0.9074
ASGDTQY	ASDTQY	1	0.941
ASGDTQY	ASFGDTQY	1	0.9315
ASGDTQY	ASGGDTQY	1	0.9507
ASGDTQY	ASQGDTQY	1	0.9465
SLYSSEQF	ASLYSSEQF	1	0.9698
ASSVAGGAYEQY	ASSAGGAYEQY	1	0.9535
ASSVAGGAYEQY	ASSVASGGAYEQY	1	0.9446
ASSQSTGELF	ASSSTGELF	1	0.9565
ASSQSTGELF	ASSFQSTGELF	1	0.9421
ASSQSTGELF	ASSQTSTGELF	1	0.9512
ASSQSTGELF	ASSQSETGELF	1	0.9415
ASSSIGGIEAF	ASSIGGIEAF	1	0.9712
ASCSLTYNEQF	ASSLTYNEQF	1	0.9385
ASSYSSTDLNTEAF	ASSYSTDLNTEAF	1	0.9346
ASSLQDRMNTEAF	ASSLQDMNTEAF	1	0.9036
CASSLVLSSPTYYEQYF	CASSLVLSSPTYEQYF	1	0.9043
ASSSQGPEAF	ASSQGPEAF	1	0.9693
ASSSQGPEAF	ASSSGPEAF	1	0.9509
ASSDREGSNQPQH	ASSDRGSNQPQH	1	0.9132
ASSNGGNTEAF	ASSGGNTEAF	1	0.9565
ASSNGGNTEAF	ASSLNGGNTEAF	1	0.9456
ASSLSRQDSYEQY	ASSLSRDSYEQY	1	0.9188
ASSRGAVTGELF	ASSSRGAVTGELF	1	0.9717
ASSGVGSTDTQY	ASSGGSTDTQY	1	0.9344
ASSYAGGNEQF	ASSYAGGPNEQF	1	0.9119
ASSFVAYEQY	ASSFEVAYEQY	1	0.9266
CASSPGLGGYEQYF	CASSPGGGYEQYF	1	0.8655
ASSRLGDTQY	ASSLGDTQY	1	0.9449
ASSRLGDTQY	ASSRGDTQY	1	0.928
ASSLVGYEQF	ASSVGYEQF	1	0.945
ASSLVGYEQF	ASSLGYEQF	1	0.9378
ASSLVGYEQF	ASSLVGEQF	1	0.9268
ASSLVGYEQF	ASSLVGYNEQF	1	0.9273
ASSLSDRGNTEAF	ASSLSRGNTEAF	1	0.9185
ASSYAGLETQY	ASSYSAGLETQY	1	0.9336
ATSMTSGRQEQF	ASMTSGRQEQF	1	0.9662
ATSMTSGRQEQF	ATSMTSGRQQF	1	0.9501
ASSSRGPYEQY	ASSSRTGPYEQY	1	0.922
ASRASSYNEQF	ASRTASSYNEQF	1	0.9465
ASSSGLVAPGELF	ASSSGVAPGELF	1	0.9283
ASSSGLVAPGELF	ASSSGLVAPGELFF	1	0.9667
ASSRGQGNAEAF	ASSRGQGNEAF	1	0.9341
ASSSSYNEQF	ASSFSSYNEQF	1	0.9451
ASSSSYNEQF	ASSPSSYNEQF	1	0.9456
ASSSSYNEQF	ASSVSSYNEQF	1	0.9546
ASSSSYNEQF	ASSYSSYNEQF	1	0.9475
ASSSSYNEQF	ASSSDSYNEQF	1	0.952
ASSSSYNEQF	ASSSTSYNEQF	1	0.9637
ASERSAWESTEAF	ASSERSAWESTEAF	1	0.9686
ASERSAWESTEAF	ASCERSAWESTEAF	1	0.9362
ASSPANYEQY	ASSANYEQY	1	0.9393
ASSPANYEQY	ASSPAYEQY	1	0.9212
ASSLGDTSYEQY	ASSLDTSYEQY	1	0.9244
ASSLGDTSYEQY	ASSLGTSYEQY	1	0.9169
ASSSRGPFTDTQY	ASSSRGPTDTQY	1	0.8893
ASRLGGTEAF	ASRLGGYTEAF	1	0.915
ASSPLLGGTYNEQF	ASSLLGGTYNEQF	1	0.9358
SATPLENEQY	SATLPLENEQY	1	0.9351
SATPLENEQY	SATQPLENEQY	1	0.9343
CASSPGTGYEQYF	CASSPGTYEQYF	1	0.8728
CASSPGTGYEQYF	CASSPGTGPYEQYF	1	0.8364
ASSYSGATYEQY	ASSYSATYEQY	1	0.9245
ASSLGRTGELF	ASSLGTGELF	1	0.9172
ASSLGRTGELF	ASSLIGRTGELF	1	0.9386
ASSLGRTGELF	ASSLGRWTGELF	1	0.879
ASSLGRTGELF	ASSLGRTGEKLF	1	0.9451
ASSLGVSGGYQETQY	ASSLGSGGYQETQY	1	0.9023
ASSPTGPTEAF	ASSTGPTEAF	1	0.9422
ASSPTGPTEAF	ASSPTGTEAF	1	0.9185
ASSPTGPTEAF	ASSPTGPEAF	1	0.9293
ASSPTGPTEAF	ASSFPTGPTEAF	1	0.9313
ASSPTGPTEAF	ASSPTGAPTEAF	1	0.9175
ASSPTGPTEAF	ASSPTGPNTEAF	1	0.9136
ASSLGGAVEQF	ASSLGGAEQF	1	0.943
ASSATGGDEQ	ASSATGGDEQF	1	0.967
ASSSGEQF	ASSFSGEQF	1	0.9408
ASSSGEQF	ASSLSGEQF	1	0.9479
ASSSGEQF	ASSVSGEQF	1	0.9522
ASSSGEQF	ASSWSGEQF	1	0.9217
ASSSGEQF	ASSSVGEQF	1	0.9518
ASSSGEQF	ASSSGWEQF	1	0.9196
ASSLNTGELF	ASSLTGELF	1	0.9323
ASSLNTGELF	ASSALNTGELF	1	0.9607
ASSLNTGELF	ASSDLNTGELF	1	0.9481
ASSLNTGELF	ASSFLNTGELF	1	0.9409
ASSLNTGELF	ASSHLNTGELF	1	0.9392
ASSLNTGELF	ASSNLNTGELF	1	0.9538
ASSLNTGELF	ASSVLNTGELF	1	0.9522
ASSLNTGELF	ASSLANTGELF	1	0.9391
ASSLNTGELF	ASSLENTGELF	1	0.9324
ASSLNTGELF	ASSLGNTGELF	1	0.9283
ASSLNTGELF	ASSLMNTGELF	1	0.9411
ASSLNTGELF	ASSLRNTGELF	1	0.9304
ASSLNTGELF	ASSLTNTGELF	1	0.9403
ASSFSGLSYEQY	ASSSGLSYEQY	1	0.9425
ASSFSGLSYEQY	ASSFSGSYEQY	1	0.912
ASSEGIYGYT	ASSEGYGYT	1	0.9136
ASSEGIYGYT	ASSEGQIYGYT	1	0.9109
ASSSSGTGELF	ASSSGTGELF	1	0.9761
ASSSSGTGELF	ASSSSGGELF	1	0.9486
ASSSSGTGELF	ASSLSSGTGELF	1	0.9543
ASSYSQGFSYEQY	ASSYSQGSYEQY	1	0.8985
CASSSLSGYNEQFF	CASSSSGYNEQFF	1	0.9163
CASSLGTGDTGQLYF	CASSGTGDTGQLYF	1	0.916
ASSLFTGGTDTQY	ASSLTGGTDTQY	1	0.9315
ASSSTGDEQY	ASSSVTGDEQY	1	0.9522
ASSSTGDEQY	ASSSTGGDEQY	1	0.9518
ASSLRGSEQY	ASSLGSEQY	1	0.9364
ASSLRGSEQY	ASSLRGEQY	1	0.9435
ASGLAGAYEQY	SASGLAGAYEQY	1	0.9732
ASGLAGAYEQY	ASQGLAGAYEQY	1	0.9527
CASSVGGSNQPQHF	CASSVGGGSNQPQHF	1	0.8761
ASSYVSTDTQY	ASSYSTDTQY	1	0.9386
CASQISNERLFF	CASSQISNERLFF	1	0.9069
ASSRTSGSIYEQY	ASRTSGSIYEQY	1	0.9702
ASSRTSGSIYEQY	ASSTSGSIYEQY	1	0.9511
ASSLQGNYEQY	ASSQGNYEQY	1	0.9407
ASSLQGNYEQY	ASSLQGYEQY	1	0.9142
ASSLQGNYEQY	ASSLEQGNYEQY	1	0.9255
ASSLQGNYEQY	ASSLGQGNYEQY	1	0.9172
CASRGGGTEAFF	CASRGGWGTEAFF	1	0.8378
ASSYGEEQY	ASSYGGEEQY	1	0.9413
ASSTGYSNQPQH	ASSGYSNQPQH	1	0.9538
ASSTGYSNQPQH	ASSTGPYSNQPQH	1	0.8967
ASSRGSEQY	ASSRTGSEQY	1	0.9439
ASSRGSEQY	ASSRGSYEQY	1	0.9314
ASSLAGRDYEQY	ASSLGRDYEQY	1	0.9272
ASSLAGRDYEQY	ASSLAGDYEQY	1	0.9059
ASSYASNSPLH	ASSYSNSPLH	1	0.9387
ASSFEGGMNTEAF	ASSFGGMNTEAF	1	0.9146
ASSFEGGMNTEAF	ASSFEGGNTEAF	1	0.9039
ATSRGDTGELF	ASRGDTGELF	1	0.961
SARDRAGRTTQETQY	SARDRAGRTTQQETQY	1	0.923
ASSPGQGQETQY	ASSPGQQETQY	1	0.9126
ASSPGQGQETQY	ASSFPGQGQETQY	1	0.931
ASSPGQGQETQY	ASSPHGQGQETQY	1	0.9057
ASSGASYEQY	ASGASYEQY	1	0.9702
ASSGASYEQY	ASSASYEQY	1	0.954
ASSGASYEQY	ASSFGASYEQY	1	0.9416
ASSGASYEQY	ASSHGASYEQY	1	0.9428
ASSGASYEQY	ASSQGASYEQY	1	0.9542
ASSGASYEQY	ASSVGASYEQY	1	0.9523
SAAQALYNEF	SAAQALYNEQF	1	0.9529
ASSLGGVGEAF	ASSLGGGEAF	1	0.9284
ASSLTSLNTEAF	ASSLSLNTEAF	1	0.946
ASSLTSLNTEAF	ASSLTSNTEAF	1	0.935
SVCGQANTEAF	SVGQANTEAF	1	0.9348
ASSLMGSGANVLT	ASSLGSGANVLT	1	0.9451
ASSLSGRNEAF	ASSLSGRNTEAF	1	0.9365
ASSQVGGYEQY	ASSQGGYEQY	1	0.9307
ASSQVGGYEQY	ASSQVTGGYEQY	1	0.9267
ASSPTSGAKYNEQF	ASSPTSGAYNEQF	1	0.9043
ASSLSTGSTDTQY	ASSLSGSTDTQY	1	0.9397
ASSQSGGTQY	ASSQSAGGTQY	1	0.9538
ASSQSGGTQY	ASSQSLGGTQY	1	0.936
ASSQSGGTQY	ASSQSPGGTQY	1	0.9302
ASSQSGGTQY	ASSQSRGGTQY	1	0.9395
ASSLTGQGDNEQF	ASSLGQGDNEQF	1	0.9285
ASSYLSTDTQY	ASSYSTDTQY	1	0.9363
ASSQGQGFYEQY	ASSQGQGYEQY	1	0.9153
ASSQGQGFYEQY	ASSQGQGEFYEQY	1	0.9037
CASSIRSSYEYF	CASSIRSSYERYF	1	0.8996
ASRQQTREQF	ARQQTREQF	1	0.9683
ASRQQTREQF	ASRQTREQF	1	0.9532
ASSITGVTGELF	ASSIGTGVTGELF	1	0.9264
ASSITGVTGELF	ASSITGVYTGELF	1	0.9049
CASSPGDSYEQYF	CASSPDSYEQYF	1	0.8853
ASSIVGGAYNEQF	ASSIVGGIAYNEQF	1	0.9058
ASSPTGAGGYT	ASSPTGAGYT	1	0.944
ASSIGGYNEQF	ASSGGYNEQF	1	0.9389
ASSLAGSSYEQY	ASSLAGSYEQY	1	0.9407
ASSLAGSSYEQY	ASSFLAGSSYEQY	1	0.9467
ASSLAGSSYEQY	ASSLAGDSSYEQY	1	0.925
ASSLAGSSYEQY	ASSLAGPSSYEQY	1	0.9161
ASGQGGTEAF	ASSGQGGTEAF	1	0.9694
ASGQGGTEAF	ASRGQGGTEAF	1	0.9499
ASGQGGTEAF	ASGQGGNTEAF	1	0.9325
ASSNYNEF	ASSNYNEQF	1	0.9503
ASSLAGGTEQF	ASSLGGTEQF	1	0.9469
ASSSSGGTIYNEQF	ASSSSGGTYNEQF	1	0.9241
SASGTGGQETQY	SASTGGQETQY	1	0.9497
SASGTGGQETQY	SASGTGGYQETQY	1	0.9105
ASSRDSASTGELF	ASSRDSSTGELF	1	0.9367
ASSPDLYGYT	ASSPDTLYGYT	1	0.9076
ASSYGRSYGYT	ASSYGSYGYT	1	0.9065
ASSLLAGETQY	ASSLAGETQY	1	0.9547
ASSLLAGETQY	ASSLLGAGETQY	1	0.9379
ASSLLAGETQY	ASSLLAGGETQY	1	0.9426
CASNQPQHF	CAWSNQPQHF	1	0.8447
ASGQGWETQY	ASQGWETQY	1	0.9383
ASSGVRDRGTGELF	ASSGRDRGTGELF	1	0.9157
ASSSGLGAADTQY	ASSSGLGADTQY	1	0.9339
ASSLGGANQPQH	ASSLGGAQPQH	1	0.9199
ASSQGPSSYEQY	ASSLQGPSSYEQY	1	0.9418
ASSQGPSSYEQY	ASSTQGPSSYEQY	1	0.9565
ASSQGPSSYEQY	ASSQGPDSSYEQY	1	0.9082
CASSLGDSYEQYF	CASSSLGDSYEQYF	1	0.9052
CASSLGDSYEQYF	CASSLLGDSYEQYF	1	0.8853
CASSLGDSYEQYF	CASSRLGDSYEQYF	1	0.8838
ASQNGVNTGELF	ASQNGPVNTGELF	1	0.8904
ASQNGVNTGELF	ASQNGTVNTGELF	1	0.9106
ASSWTQETQY	ASSWTETQY	1	0.9258
ASSLKGLYNEQF	ASSLGLYNEQF	1	0.9237
ASSLKGLYNEQF	ASSLKGYNEQF	1	0.9059
SASGDQETQY	SASGQETQY	1	0.9365
ASSRPMNTEAF	ASSPMNTEAF	1	0.9418
ASSQQGQGSYEQY	ASSQGQGSYEQY	1	0.9548
ASSQQGQGSYEQY	ASSQQGQGSGYEQY	1	0.9119
ASSPSPDTYEQY	ASSPSPDYTYEQY	1	0.8818
ASLDTTSSYNEQF	ANSLDTTSSYNEQF	1	0.9631
ASLDTTSSYNEQF	ASSLDTTSSYNEQF	1	0.9715
ASSQDLSGVNEQF	ASSQDLSGNEQF	1	0.9152
ASSGTGGETQY	ASSGGGETQY	1	0.9408
ASSGTGGETQY	ASSSGTGGETQY	1	0.9731
ASSLGGLSSYEQY	ASSLGGSSYEQY	1	0.9201
ASSLGGLSSYEQY	ASSLGGLSYEQY	1	0.9265
SAEREGLYNEQF	SAEREGYNEQF	1	0.8984
ASSLGQGVAEQY	ASSLGQGAEQY	1	0.9291
ASSLGQGVAEQY	ASSLGQGVAHEQY	1	0.9273
ASSLGQGVAEQY	ASSLGQGVAYEQY	1	0.9265
CASSDSSGSTDTQYF	CASSDSSGTDTQYF	1	0.916
ASSISEGYNEQF	ASSISGYNEQF	1	0.9186
ASSISEGYNEQF	ASSISEYNEQF	1	0.9092
ASSLGQGAEAF	ASSLGGAEAF	1	0.927
ASSLGQGAEAF	ASSLGQGVAEAF	1	0.9284
ASSLGQGAEAF	ASSLGQGANEAF	1	0.9347
ATSDSNYGYT	ATSDNYGYT	1	0.9294
ASSLGTSGATDTQY	ASSGTSGATDTQY	1	0.9508
ASSLGTSGATDTQY	ASSLGTSGTDTQY	1	0.9232
ASSIGFGYEQY	ASSIGGFGYEQY	1	0.918
ASSFGTGELF	ASSFGGELF	1	0.9212
ASSFGTGELF	ASSSFGTGELF	1	0.9688
ASSFGTGELF	ASSFAGTGELF	1	0.9302
ASSFGTGELF	ASSFPGTGELF	1	0.9065
ASSFGTGELF	ASSFSGTGELF	1	0.9306
ASSFGTGELF	ASSFTGTGELF	1	0.9274
ASSFGTGELF	ASSFGNTGELF	1	0.9164
ASSFGTGELF	ASSFGRTGELF	1	0.9099
ASSLGQGVYGYT	ASSLGQGVGYT	1	0.9084
ASSPPGLSYEQY	ASSPGLSYEQY	1	0.9377
ASSPPGLSYEQY	ASSPPGLGSYEQY	1	0.894
ASSVGTGELF	ASSLVGTGELF	1	0.9502
ASSVGTGELF	ASSPVGTGELF	1	0.9409
ASSVGTGELF	ASSVRGTGELF	1	0.9299
ASSVGTGELF	ASSVTGTGELF	1	0.945
ASSVGTGELF	ASSVGATGELF	1	0.9353
ASSSQGGDNSPLH	ASSSQGGNSPLH	1	0.9243
ASSLGRGSYNEQF	ASSLRGSYNEQF	1	0.9155
ASSLGRGSYNEQF	ASSLIGRGSYNEQF	1	0.9316
ASSLGRGSYNEQF	ASSLNGRGSYNEQF	1	0.9131
ASSLGRGSYNEQF	ASSLGDRGSYNEQF	1	0.8926
ASSQGPDTQY	ASSQGDTQY	1	0.9158
ASSQGPDTQY	ASSDQGPDTQY	1	0.9432
ASSDTGLSTGELF	ASSDTLSTGELF	1	0.9213
ASSLTGGSQETQY	ASSLTGGQETQY	1	0.9344
ASSSPGTSGGNEQF	ASSPGTSGGNEQF	1	0.9699
ASSSPGTSGGNEQF	ASSSPGTGGNEQF	1	0.9237
ASSLYGGGTDTQY	ASSLGGGTDTQY	1	0.9272
ASSLYGGGTDTQY	ASSLYGGTDTQY	1	0.9226
ASSLGDFYGYT	ASSLGFYGYT	1	0.9024
ASSLGDFYGYT	ASSLGDYGYT	1	0.9047
SVGGQGALMKNCF	SVGQGALMKNCF	1	0.9396
ASSADNEQF	ASSDNEQF	1	0.9604
ASSADNEQF	ASSANEQF	1	0.9488
ASSLATSYNEQF	ASSLTSYNEQF	1	0.9412
ASSRQESYEQY	ASSKRQESYEQY	1	0.9591
ASSGGEEKLF	ASSGGEKLF	1	0.9549
ASSQGGYGYT	ASSQGYGYT	1	0.9356
ASSQGGYGYT	ASSPQGGYGYT	1	0.9358
ASSQGGYGYT	ASSQQGGYGYT	1	0.9522
ASSQGGYGYT	ASSRQGGYGYT	1	0.9451
ASSQGGYGYT	ASSQGGNYGYT	1	0.9237
CASAQIGPYEQYF	CASAQIGPYQYF	1	0.9092
ASSEYGSGAGYT	ASEYGSGAGYT	1	0.9683
AIRGGRETYEQY	AIRGGRTYEQY	1	0.9032
AIRGGRETYEQY	AIRGGRETYQY	1	0.9407
ASSFAGGTYEQY	ASSFSAGGTYEQY	1	0.9316
ASSPLAGGVQETQY	ASSPAGGVQETQY	1	0.9202
ASSLRSSYNEQF	ASSLRSYNEQF	1	0.9325
ASSLRSSYNEQF	ASSLTRSSYNEQF	1	0.9384
ASSLRSSYNEQF	ASSLRPSSYNEQF	1	0.9107
ASSLRSSYNEQF	ASSLRSFSYNEQF	1	0.9052
ASSYGTSNEQF	ASSLYGTSNEQF	1	0.9443
ASSYGTSNEQF	ASSYGTSTNEQF	1	0.9344
ASSYGTSNEQF	ASSYGTSNGEQF	1	0.9312
ASLTGGTDTQY	ASTGGTDTQY	1	0.9505
ASLTGGTDTQY	ASSLTGGTDTQY	1	0.9696
ASSFTGGSQETQY	ASSFTGSQETQY	1	0.9275
ASLVAGDYGYT	ASSLVAGDYGYT	1	0.9672
ASLVAGDYGYT	ASILVAGDYGYT	1	0.9509
ASSLSNTGELF	ASSSNTGELF	1	0.9498
ASSLSNTGELF	ASSLSTGELF	1	0.9348
ASSLSNTGELF	ASSPLSNTGELF	1	0.9432
ASSLSNTGELF	ASSLHSNTGELF	1	0.9247
ASSLSNTGELF	ASSLSGNTGELF	1	0.9278
ASSLSNTGELF	ASSLSPNTGELF	1	0.9155
ASSYVSSYEQY	ASSYVQSSYEQY	1	0.9319
ASSNLGGRDTQY	ASSNLAGGRDTQY	1	0.921
ASSQTSGSTDTQY	ASSQTGSTDTQY	1	0.9453
ASSERTGGNTDTQY	ASSERTGNTDTQY	1	0.9153
ASRQNQPQH	ASRNQPQH	1	0.9404
ASSFTSGGVTDTQY	ASSFTSGGTDTQY	1	0.9191
ASSLIGVSSYNEQF	ASSIGVSSYNEQF	1	0.9491
ASSLIGVSSYNEQF	ASSLGVSSYNEQF	1	0.9417
ASSFSGITDTQY	ASSFSGTDTQY	1	0.9161
CASSYSGQHGYTF	CASSYSGQGYTF	1	0.8825
SGSLSRYGQGHEQY	SAGSLSRYGQGHEQY	1	0.9627
ASSLGALNTEAF	ASSLQGALNTEAF	1	0.9311
ASSLGALNTEAF	ASSLVGALNTEAF	1	0.9437
ASSLLAGSQPQH	ASSLAGSQPQH	1	0.9525
ASSIRSADTQY	ASSIRSADTQ	1	0.9681
ASSIRSADTQY	CASSIRSADTQY	1	0.9693
ASSLGQGRYNEQF	ASSLGQGRNEQF	1	0.8989
ASSVDRGDETQY	ASSVDRGETQY	1	0.9207
ASSLGWTGQETQY	ASSLGTGQETQY	1	0.8826
ASSQEGALGTEAF	ASSQEGLGTEAF	1	0.922
ASSLTSGGSYNEQF	ASSLSGGSYNEQF	1	0.9372
ASSLTSGGSYNEQF	ASSLTSGSYNEQF	1	0.9241
ASSLRDGLTDTQY	ASSLRDGTDTQY	1	0.903
SVGTGGNEKLF	SVGTGGANEKLF	1	0.9271
SVGTGGNEKLF	SVGTGGNNEKLF	1	0.9359
SVGTGGNEKLF	SVGTGGSNEKLF	1	0.9313
SVGTGGNEKLF	SVGTGGTNEKLF	1	0.9249
ASSPTSGSVYEQF	ASPTSGSVYEQF	1	0.9684
ASSPTSGSVYEQF	ASSPTSGVYEQF	1	0.9188
ASSPTSGSVYEQF	ASSPTSGSVYEF	1	0.9545
ASSPTSGSVYEQF	ASSSPTSGSVYEQF	1	0.9711
ASSPTGNYEQY	ASSTGNYEQY	1	0.9362
ASSPTGNYEQY	ASSPTNYEQY	1	0.9101
ASSPTGNYEQY	ASSPTGNEQY	1	0.9198
ASSPTGNYEQY	ASSPRTGNYEQY	1	0.9103
ASSPTGNYEQY	ASSPTGGNYEQY	1	0.9145
ASSFGNYGYT	ASSFNYGYT	1	0.9135
ASSFGNYGYT	ASSDFGNYGYT	1	0.9392
ASSFGNYGYT	ASSFDGNYGYT	1	0.9062
ASSFGNYGYT	ASSFQGNYGYT	1	0.9079
ASSFGNYGYT	ASSFGANYGYT	1	0.9097
ASSFGNYGYT	ASSFGPNYGYT	1	0.8855
ASSLGVSTEAF	ASSLVSTEAF	1	0.9377
ASSLGVSTEAF	ASSLGSTEAF	1	0.9358
ASSLGVSTEAF	ASSLGRVSTEAF	1	0.9242
ASSPGTAYGYT	ASSPGTYGYT	1	0.9109
ASSPGTAYGYT	ASSPGTANYGYT	1	0.9002
ASSLAGAGELF	ASSLGAGELF	1	0.9474
ASSLAGAGELF	ASSLAGGELF	1	0.9411
ASSLAGAGELF	ASSPLAGAGELF	1	0.9462
ASSLAGAGELF	ASSLAGADGELF	1	0.9261
SVARQGSYEQY	SARQGSYEQY	1	0.9598
ASSLLTGGAGNEQF	ASSLLGGAGNEQF	1	0.9373
ASSLDLAGGSNEQF	ASSLLAGGSNEQF	1	0.9261
ASSQEGVTDTQY	ASSQEGVMTDTQY	1	0.9151
ASSPGRGTGELF	ASSGRGTGELF	1	0.9384
ASADGAKIYEQY	ASADAKIYEQY	1	0.9237
ASSLSQGAYNEQF	ASSLQGAYNEQF	1	0.9293
ASSLSQGAYNEQF	ASSLSQGYNEQF	1	0.9096
ASSLRAGLYNEQF	ASSLRAGSLYNEQF	1	0.9013
ASSINGYSNQPQH	ASSIGYSNQPQH	1	0.9125
ASSLSGAVTDTQY	ASSLSGATDTQY	1	0.9297
ASSLVSYEQY	ASSVSYEQY	1	0.952
ASSLVSYEQY	ASSLVYEQY	1	0.9409
ASSLVSYEQY	ASSYLVSYEQY	1	0.9468
ASSLVSYEQY	ASSLGVSYEQY	1	0.9275
ASSLVSYEQY	ASSLSVSYEQY	1	0.9425
ASSLVSYEQY	ASSLVGSYEQY	1	0.9285
ASSLVSYEQY	ASSLVLSYEQY	1	0.9438
ASSLVSYEQY	ASSLVSSYEQY	1	0.949
ASSLVSYEQY	ASSLVTSYEQY	1	0.9448
ASSLVSYEQY	ASSLVSLYEQY	1	0.9347
ASSSGVTEAF	ASSESGVTEAF	1	0.9582
ASSSGVTEAF	ASSSGTVTEAF	1	0.9519
ASSSGVTEAF	ASSSGVGTEAF	1	0.9369
ASSAGTDGDTDTQY	ASSAGTGDTDTQY	1	0.9126
ASSLGPNYGYT	ASSLGNYGYT	1	0.8923
ASSPGLGPQH	ASSPGLGWPQH	1	0.8725
CASSLIEGLEQYF	CASSLIEGLSEQYF	1	0.8863
ASSSNQPQH	ASSYSNQPQH	1	0.9399
ASSSNQPQH	ASSSYNQPQH	1	0.9377
ASRDGQVATNEKLF	ASDGQVATNEKLF	1	0.9488
SARGSADTQY	SARGVSADTQY	1	0.9257
ASSLTSLQETQY	ASSLSLQETQY	1	0.947
ASSEAGGDTQY	ASSLEAGGDTQY	1	0.947
ASSLDYGSSYNEQF	ASSLDGSSYNEQF	1	0.8968
ASSPGAEQY	ASSSPGAEQY	1	0.9698
ASSPGAEQY	ASSFPGAEQY	1	0.9321
ASSPGAEQY	ASSPSGAEQY	1	0.9434
ASSPGAEQY	ASSPTGAEQY	1	0.9356
ASSPGAEQY	ASSPGVAEQY	1	0.9316
ASSPGAEQY	ASSPGAFEQY	1	0.9233
SARTVSSYEQY	SARTVASSYEQY	1	0.9423
ASSSGPGGNQPQH	ASSSPGGNQPQH	1	0.9438
ASSSGPGGNQPQH	ASSSGGGNQPQH	1	0.9151
ASSSGPGGNQPQH	ASSPSGPGGNQPQH	1	0.9364
ASSLGQGGTEAF	ASSGQGGTEAF	1	0.9465
ASSLGQGGTEAF	ASSLGQGTEAF	1	0.9291
ASSLRGYTEAF	ASSLGYTEAF	1	0.9234
ASSLRGYTEAF	ASSLRGTEAF	1	0.9145
ASSLRGYTEAF	ASSLRTGYTEAF	1	0.9136
ASSQGAGGTDTQY	ASSGAGGTDTQY	1	0.9542
ASSQGAGGTDTQY	ASSQGGGTDTQY	1	0.9313
ASSEAGTVSYEQY	ASSAGTVSYEQY	1	0.9553
SVDGSYEQY	SVVDGSYEQY	1	0.9581
SVDGSYEQY	SVDGGSYEQY	1	0.9313
SVDGSYEQY	SVDRGSYEQY	1	0.9197
CASSWSGGGGARDTQYF	CASSWSGGGARDTQYF	1	0.8712
ASSLDRVYGYT	ASSLDRYGYT	1	0.9048
ASSNAGQRYQETQY	ASSAGQRYQETQY	1	0.9499
ASSLIAGGPNEQF	ASSLIARGGPNEQF	1	0.902
ASSQDLGTAYEQY	ASSQDLTAYEQY	1	0.9016
ASSQGLNEQF	ASSQGLLNEQF	1	0.932
ASSQGLNEQF	ASSQGLANEQF	1	0.9288
ASSQGLNEQF	ASSQGLYNEQF	1	0.915
ASSPTGPDTQY	ASSPRTGPDTQY	1	0.9089
ASSPTADSSYEQY	ASSPTASSYEQY	1	0.9239
ASSLQGLNTEAF	ASSLQGNTEAF	1	0.9134
ASSLQGLNTEAF	ASSLQGALNTEAF	1	0.9167
ASSLDRGQETQY	ASSLDRGETQY	1	0.9219
ASSLWGDYEQY	ASSLGDYEQY	1	0.8967
ASSAGGEAYEQY	ASSGGEAYEQY	1	0.9615
ASSAGGEAYEQY	ASSAGGAYEQY	1	0.9344
ASSAGGEAYEQY	ASSPAGGEAYEQY	1	0.9425
ASSAGGEAYEQY	ASSAGTGEAYEQY	1	0.9259
ALSYIGVGYT	ASYIGVGYT	1	0.9578
ASSPGQGTYEQY	ASSPGQGYEQY	1	0.904
ASSPGQGTYEQY	ASSEPGQGTYEQY	1	0.9432
ASSPGQGTYEQY	ASSHPGQGTYEQY	1	0.9284
ASSPGQGTYEQY	ASSPGQGGTYEQY	1	0.9019
ASSPGQGTYEQY	ASSPGQGLTYEQY	1	0.8897
ASSLPPGYNEQF	ASSLPGYNEQF	1	0.9083
ASSSQDNEQF	ASSQDNEQF	1	0.9726
ASSSQDNEQF	ASSSDNEQF	1	0.9579
ASSEDRGYEQY	ASSEDRGEQY	1	0.9228
ASSEDRGYEQY	ASSLEDRGYEQY	1	0.9393
ASSPGLATYEQY	ASSPGLAYEQY	1	0.913
ASSPGLATYEQY	ASSPGLAETYEQY	1	0.9025
ASSAYRGDYGYT	ASSAYRGRDYGYT	1	0.875
ASSYSGTGNTEAF	ASSYSGGNTEAF	1	0.9134
ASSQGPSGYNEQF	ASSQGPSYNEQF	1	0.8892
ASSFAGNEQF	ASSFANEQF	1	0.9312
ASSFAGNEQF	ASSFPAGNEQF	1	0.9134
ASSFAGNEQF	ASSFQAGNEQF	1	0.9253
ASSFAGNEQF	ASSFADGNEQF	1	0.9181
ASSFQDTQY	ASSQDTQY	1	0.9366
ASSFQDTQY	ASSLFQDTQY	1	0.9438
ASGLGNTEAF	ASGLGTEAF	1	0.9257
SAQDGANTGELF	SAQDGANTGELFF	1	0.9652
ASSPHSNTGELF	ASSPHLSNTGELF	1	0.8961
ASSPTGGAEQY	ASSPTGAEQY	1	0.939
ASSPTGGAEQY	ASSPTGGADEQY	1	0.9401
ASSPTGGAEQY	ASSPTGGAETQY	1	0.9471
ASSLATRTDTQY	ASSLGATRTDTQY	1	0.9301
ASSLVPGTEAF	ASSLVGTEAF	1	0.9224
ASSLVPGTEAF	ASSLMVPGTEAF	1	0.9383
ASSLVTSGSYNEQF	ASSLTSGSYNEQF	1	0.9432
ASSSRDSNNEQF	ASSQSRDSNNEQF	1	0.9578
ASSYAGGSYEQY	ASSYSAGGSYEQY	1	0.9369
ASSLGWGETQY	ASSLGGETQY	1	0.889
ASSLGWGETQY	ASSLTGWGETQY	1	0.9155
ASSLGWGETQY	ASSLGRWGETQY	1	0.8804
ASRTGGQPQH	ASSRTGGQPQH	1	0.9656
ASRTGGQPQH	ASRTGYGQPQH	1	0.8883
ASSYRAGNEKLF	ASSYRGNEKLF	1	0.9179
ASSLAGDTEAF	ASSAGDTEAF	1	0.9491
ASSLAGDTEAF	ASSLALGDTEAF	1	0.9268
ASSLAGDTEAF	ASSLAGLDTEAF	1	0.9207
ASSLSGYEQY	ASSSGYEQY	1	0.9449
ASSLSGYEQY	ASSLGYEQY	1	0.9349
ASSLSGYEQY	ASSLASGYEQY	1	0.9415
ASSLSGYEQY	ASSLSSGYEQY	1	0.9438
ASSLSGYEQY	ASSLSGGYEQY	1	0.9325
ASSLSGYEQY	ASSLSLGYEQY	1	0.9205
ASSLSGYEQY	ASSLSRGYEQY	1	0.9201
ASSLSGYEQY	ASSLSTGYEQY	1	0.9314
ASSLSGYEQY	ASSLSGAYEQY	1	0.9312
ASSLSGYEQY	ASSLSGDYEQY	1	0.917
ASSLSGYEQY	ASSLSGNYEQY	1	0.9218
ASSLSGYEQY	ASSLSGPYEQY	1	0.9087
ASSLSGYEQY	ASSLSGSYEQY	1	0.9326
ASSLSGYEQY	ASSLSGTYEQY	1	0.9254
ASSVEGYNEQF	ASSVEGPYNEQF	1	0.8899
ASSQGIDTQY	ASSQGDTQY	1	0.9218
ASSAGGNYGYT	ASSAGGYGYT	1	0.9344
ASSAGGNYGYT	ASSAGGNGYT	1	0.9297
ASSKGGLNEQF	ASSGGLNEQF	1	0.9519
ASSLVKYNEQF	ASSLVYNEQF	1	0.9275
ATFSSSYEQY	ATSSSYEQY	1	0.9505
ASSLSSGTYEQY	ASSLSGTYEQY	1	0.9427
ASSLSSGTYEQY	ASSLSSGYEQY	1	0.9309
ATSMFDGTGELF	ATTSMFDGTGELF	1	0.9615
ATSMFDGTGELF	ATSMFDGTGELFF	1	0.9635
ASSLAGTVYEQY	ASSLGTVYEQY	1	0.9375
ASSLAGTVYEQY	ASSLAGVYEQY	1	0.9251
ASSIGHLNEQF	ASSIGHNEQF	1	0.9077
SARPEGASYNEF	SARPEGASYNEQF	1	0.9482
ASSLPGDQPQH	ASSLGDQPQH	1	0.9103
ASSLPGDQPQH	ASSLPGQPQH	1	0.9001
ASSSYSVNTEAF	ASSYSVNTEAF	1	0.973
ASSSYSVNTEAF	ASSSSVNTEAF	1	0.9479
ASSLPDYSNEQF	ASSLPDSNEQF	1	0.901
ASSLPDYSNEQF	ASSLPDYNEQF	1	0.9131
ASSLFGPNTEAF	ASSLGPNTEAF	1	0.922
ASSLFGPNTEAF	ASSLFGNTEAF	1	0.8991
ASSLLPYSNQPQH	ASSLPYSNQPQH	1	0.9395
ASSSPGGEQF	ASSPGGEQF	1	0.9685
ASSPGSSNQPQH	ASSPTGSSNQPQH	1	0.9301
ASSPGSSNQPQH	ASSPGASSNQPQH	1	0.9292
ASSLGQGIYNEQF	ASSLGQGINEQF	1	0.9011
ASSLILQETQY	ASSLLQETQY	1	0.9522
ASSLILQETQY	ASSLIQETQY	1	0.9498
ASSLGDSGANVLT	ASSLDSGANVLT	1	0.9296
ASSLGDSGANVLT	ASSLGSGANVLT	1	0.9212
ASSLGLSTDTQY	ASSLGSTDTQY	1	0.9227
ASSLVGYEKLF	ASSLVGEKLF	1	0.9217
ASSLAGEAYEQY	ASSLAEAYEQY	1	0.9283
ASSLAGEAYEQY	ASSLAGFEAYEQY	1	0.9027
ASSLAGEAYEQY	ASSLAGIEAYEQY	1	0.909
ASSLMTGPQETQY	ASSLTGPQETQY	1	0.9343
ASSLGSFTEAF	ASSLGSTEAF	1	0.9267
ATLTGGTEAF	ATTGGTEAF	1	0.9513
ASSLLEGNSPLH	ASSLGLEGNSPLH	1	0.9166
ASSPTSNTEAF	ASSTSNTEAF	1	0.9503
ASSPTSNTEAF	ASSPTNTEAF	1	0.9432
ASSPTSNTEAF	ASSPTSGNTEAF	1	0.9293
ASSAGFPTEAF	ASSADGFPTEAF	1	0.9268
ASSIGLGEVDTQY	ASSIGLAGEVDTQY	1	0.898
ASTFSGNEQF	ASTSGNEQF	1	0.9345
ASSLWLAGGYNEQF	ASSLLAGGYNEQF	1	0.9001
ASSSTGGTEAF	ASSSGTGGTEAF	1	0.9594
ASSSTGGTEAF	ASSSTGPGTEAF	1	0.9225
ASWTGGGYT	ASSWTGGGYT	1	0.9603
ASSLLGNEKLF	ASSLGNEKLF	1	0.951
ASSLEVNQPQH	ASSLVNQPQH	1	0.9263
ASSLEVNQPQH	ASSLEVQPQH	1	0.9143
ASSLVDSGYGYT	ASSLDSGYGYT	1	0.9365
ASSLYGYSNQPQH	ASSLGYSNQPQH	1	0.9145
ASSPRTSGNGEQY	ASSPRTSGGNGEQY	1	0.9146
SVRDYEQY	SVARDYEQY	1	0.9446
ASSLGQGVFYEQY	ASSLGGVFYEQY	1	0.9003
ASSLGQGVFYEQY	ASSLGQGVYEQY	1	0.9125
ASSTRSSETQY	ASSTRSSQETQY	1	0.9518
ASSSEGSTDTQY	ASSEGSTDTQY	1	0.9746
ASSLSRLNTEAF	ASSLSLNTEAF	1	0.9282
ASSSLTGGHQPQH	ASSSLGGHQPQH	1	0.9243
ASSVGWSDTQY	ASSVGSDTQY	1	0.8979
ASSLGTGESYEQY	ASSLTGESYEQY	1	0.9229
ASSLGTGESYEQY	ASSLGGESYEQY	1	0.91
ASSLGTGESYEQY	ASSLGTESYEQY	1	0.9058
ASSLGTGESYEQY	ASSLGTGSYEQY	1	0.9101
ASSPGLVNTEAF	ASSPGLNTEAF	1	0.9142
ASSPGLVNTEAF	ASSPFGLVNTEAF	1	0.9057
ASSSDSPYEQY	ASSDSPYEQY	1	0.9697
ASSSDSPYEQY	ASSSSPYEQY	1	0.9481
ASSEGAGSTDTQY	ASSYEGAGSTDTQY	1	0.9431
ASSAGGLAGDEQY	ASSAGLAGDEQY	1	0.9489
ASSPTSGIYEQY	ASSPSGIYEQY	1	0.9262
ASSPTSGIYEQY	ASSPTSGAIYEQY	1	0.9171
ASSPTSGIYEQY	ASSPTSGCIYEQY	1	0.8885
ASSPTSGIYEQY	ASSPTSGIIYEQY	1	0.92
ASSPTSGIYEQY	ASSPTSGNIYEQY	1	0.9039
ASSPTSGIYEQY	ASSPTSGSIYEQY	1	0.9159
ASSFLTDTQY	ASSFTDTQY	1	0.9378
ASSFLTDTQY	ASSFLDTQY	1	0.9362
ASSFLTDTQY	ASSFLFTDTQY	1	0.927
ASSMTGYEQY	ASSTGYEQY	1	0.9428
ASSMTGYEQY	ASSMTGTYEQY	1	0.9213
ASSMTGYEQY	ASSMTGVYEQY	1	0.919
ASAGTLYNEQF	SAGTLYNEQF	1	0.9693
ASAGTLYNEQF	ASSAGTLYNEQF	1	0.9679
ASSLIGGAAGELF	ASSLGGAAGELF	1	0.9492
ASSAGGNEQF	ASSGGNEQF	1	0.963
ASSAGGNEQF	ASSSAGGNEQF	1	0.9744
ASSAGGNEQF	ASSAGAGNEQF	1	0.9471
ASSAGGNEQF	ASSAGGYNEQF	1	0.9272
ASSPSPGNQPQH	ASSPSPGGNQPQH	1	0.8999
ASSYTGDQETQY	ASSYTGTDQETQY	1	0.9085
GMLPFGDEQY	GSMLPFGDEQY	1	0.9498
ASSLGLGETQY	ASSLGGETQY	1	0.9156
ASSLGLGETQY	ASSLPGLGETQY	1	0.914
ASSLGLGETQY	ASSLYGLGETQY	1	0.9222
ASTRAGGSYEQY	ASRAGGSYEQY	1	0.9588
ASSLSGGPETQY	ASSSGGPETQY	1	0.9439
ASSLSGGPETQY	ASSLSGGETQY	1	0.9215
ASSYSGTSYEQY	ASSSGTSYEQY	1	0.9455
ASSYSGTSYEQY	ASSYSGSYEQY	1	0.9246
ASSDGLNTEAF	ASSDGRLNTEAF	1	0.9131
ASSDGLNTEAF	ASSDGTLNTEAF	1	0.9229
ASSLGLDTEAF	ASSLGLTEAF	1	0.9223
ASSLGLDTEAF	ASSLAGLDTEAF	1	0.937
ASRAGQGATEAF	ASRGQGATEAF	1	0.9414
ASSPHGSYEQY	ASSPHSYEQY	1	0.9038
ASSLSGNTIY	ASSSGNTIY	1	0.9491
ASSLSGNTIY	ASSLGSGNTIY	1	0.9361
ASSLSGNTIY	ASSLVSGNTIY	1	0.9483
ASGTPGYEQY	ASTPGYEQY	1	0.9413
ASSQDPGFEQY	ASSQDYPGFEQY	1	0.8854
ASSQDPGFEQY	ASSQDPGFYEQY	1	0.9112
ASSPTGDEQY	ASSPWTGDEQY	1	0.8855
ASSQADYNEQF	ASSQDYNEQF	1	0.9335
ASSLGGLNTDTQY	ASSLGGLTDTQY	1	0.9131
ASSYGTANTGELF	ASSYTANTGELF	1	0.9188
ASSFGTASYEQY	ASSFGASYEQY	1	0.9213
ASSLIRTSGLQETQY	ASSLRTSGLQETQY	1	0.9408
ASSLGLAAYEQY	ASSLGAAYEQY	1	0.9278
ASSLGLAAYEQY	ASSLVGLAAYEQY	1	0.9437
ASSLGLAAYEQY	ASSLGLAGAYEQY	1	0.9153
ASSLGLAAYEQY	ASSLGLASAYEQY	1	0.9273
ASSVLDNSYEQY	ASSVDNSYEQY	1	0.9406
ASSYLLAGGYEQY	ASSLLAGGYEQY	1	0.943
ASSSFYNEQF	ASSFYNEQF	1	0.9676
ASSFEGSYEQY	ASSEGSYEQY	1	0.9386
ASSFEGSYEQY	ASSFAEGSYEQY	1	0.9252
ASSFEGSYEQY	ASSFEGGSYEQY	1	0.9192
ASSFEGSYEQY	ASSFEGASYEQY	1	0.92
ASSPWPGNTIY	ASSPPGNTIY	1	0.8715
ASSPREDTQY	ASSPRDTQY	1	0.9297
ASSRATEAF	ASSPRATEAF	1	0.9452
ASSYSEGLTEAF	ASSYSEGTEAF	1	0.9245
ASSSTGTGELF	ASSSGTGELF	1	0.9647
SARDLAGSSYEQY	SARDLASSYEQY	1	0.9165
ASSVAGLVTDTQY	ASSVAGVTDTQY	1	0.9282
ASSLSGDSNEQY	ASSLSGSNEQY	1	0.9302
ASSTTSGSIYEQY	ASSTSGSIYEQY	1	0.9652
ASSTTSGSIYEQY	ASSTSTSGSIYEQY	1	0.9594
ASSWGENTEAF	ASSFWGENTEAF	1	0.925
ASSYGFNQPQH	ASSYGGFNQPQH	1	0.9047
ASRNTEAF	ASSRNTEAF	1	0.9682
ASRNTEAF	ASRLNTEAF	1	0.9347
ASSLDRGAYNEQF	ASSDRGAYNEQF	1	0.9376
ASSLMGPYNQPQH	ASSLGPYNQPQH	1	0.9191
ASSLAAREDEQY	ASSLAREDEQY	1	0.9493
ASSLAAREDEQY	ASSLAAREEQY	1	0.9484
ASSPNQPQH	ASSFPNQPQH	1	0.927
ASSPNQPQH	ASSYPNQPQH	1	0.9297
ASSTPGQGQETQY	ASSTPGGQETQY	1	0.9038
CASRGGESAETLYF	CASRGESAETLYF	1	0.9094
ASSSRGSFYGYT	ASSSRGFYGYT	1	0.9193
ASSLVQGGGYT	ASSLQGGGYT	1	0.945
ASSPGGAPYNEQF	ASSGGAPYNEQF	1	0.9331
ASSLPGPYSGNTIY	ASSLPGYSGNTIY	1	0.867
ASSGQFTDTQY	ASSFGQFTDTQY	1	0.934
ASRSAGNSDTQY	ASRAGNSDTQY	1	0.947
ASSLTGPYNEQF	ASSLTGPNEQF	1	0.8983
ASSLTGPYNEQF	ASSLRTGPYNEQF	1	0.9101
ASSLTGPYNEQF	ASSLTGSPYNEQF	1	0.8974
ASSPGLGGAYEQY	ASSPGLGAYEQY	1	0.9065
ASSQGQGVNEQF	ASSQGQGVSNEQF	1	0.9267
ASSQGQGVNEQF	ASSQGQGVYNEQF	1	0.9059
ASGVYNEQF	ASGYNEQF	1	0.9259
ASSYGDTQY	ASSYIGDTQY	1	0.9226
ASSYGDTQY	ASSYLGDTQY	1	0.9237
ASSYGDTQY	ASSYPGDTQY	1	0.9086
ASSYGDTQY	ASSYGADTQY	1	0.9262
ASSYGDTQY	ASSYGEDTQY	1	0.9244
ASSLALDGNEQF	ASSLADGNEQF	1	0.9227
ASSSSNYEQY	ASSSSYEQY	1	0.959
